nohup: ignoring input
[2025-02-26 17:54:15 +0000] [1726] [INFO] Starting gunicorn 23.0.0
[2025-02-26 17:54:15 +0000] [1726] [INFO] Listening at: http://127.0.0.1:8000 (1726)
[2025-02-26 17:54:15 +0000] [1726] [INFO] Using worker: sync
[2025-02-26 17:54:15 +0000] [1727] [INFO] Booting worker with pid: 1727
Not Found: /favicon.ico
Not Found: /robots.txt
Not Found: /favicon.ico
Not Found: /robots.txt
Not Found: /favicon.ico
Not Found: /robots.txt
Not Found: /robots.txt
Not Found: /favicon.ico
Not Found: /robots.txt
Not Found: /favicon.ico
Not Found: /favicon.ico
Not Found: /favicon.ico
Not Found: /favicon.ico
Not Found: /favicon.ico
Not Found: /owa/auth/logon.aspx
Not Found: /favicon.ico
Not Found: /.env
Forbidden (CSRF cookie not set.): /
Not Found: /favicon.ico
Not Found: /favicon.ico
Not Found: /ads.txt
Not Found: /app-ads.txt
Not Found: /sellers.json
Not Found: /.env
Not Found: /Autodiscover/Autodiscover.xml
Not Found: /portal
Not Found: /vendor/phpunit/phpunit/src/Util/PHP/eval-stdin.php
Not Found: /favicon.ico
Not Found: /vendor/phpunit/phpunit/src/Util/PHP/eval-stdin.php
Not Found: //wp-includes/ID3/license.txt
Not Found: //feed/
Not Found: //xmlrpc.php
Not Found: //blog/wp-includes/wlwmanifest.xml
Not Found: //web/wp-includes/wlwmanifest.xml
Not Found: //wordpress/wp-includes/wlwmanifest.xml
Not Found: //wp/wp-includes/wlwmanifest.xml
Not Found: //2020/wp-includes/wlwmanifest.xml
Not Found: //2019/wp-includes/wlwmanifest.xml
Not Found: //2021/wp-includes/wlwmanifest.xml
Not Found: //shop/wp-includes/wlwmanifest.xml
Not Found: //wp1/wp-includes/wlwmanifest.xml
Not Found: //test/wp-includes/wlwmanifest.xml
Not Found: //site/wp-includes/wlwmanifest.xml
Not Found: //cms/wp-includes/wlwmanifest.xml
Not Found: /favicon.ico
Not Found: /favicon.ico
Not Found: /console/
Not Found: /_ignition/execute-solution
Not Found: /favicon.ico
Not Found: /favicon.ico
Not Found: /favicon.ico
Not Found: /favicon.ico
Not Found: /actuator/gateway/routes
Not Found: /geoserver
Not Found: /.env.production
Not Found: /favicon.ico
Not Found: /favicon.ico
Not Found: /favicon.ico
Not Found: /favicon.ico
Not Found: /actuator/health
Not Found: /.env
Forbidden (CSRF cookie not set.): /
Not Found: /favicon.ico
Not Found: /favicon.ico
Not Found: /favicon.ico
Not Found: /wp-content/uploads/
Not Found: /wp-includes/
Not Found: /wp-includes/css/
Not Found: /wp-includes/ID3/
Not Found: /wp-includes/IXR/
Not Found: /wp-includes/Requests/
Not Found: /wp-includes/SimplePie/
Not Found: /wp-includes/Text/
Not Found: /wp-content/mu-plugins-old/
Not Found: /wp-content/themes/classic/inc/
Not Found: /wp-content/plugins/ninja-forms/
Not Found: /wp-content/mu-plugins/
Not Found: /wp-includes/Text/Diff/Renderer/
Not Found: /wp-includes/blocks/
Not Found: /wp-includes/certificates/
Not Found: /wp-includes/customize/
Not Found: /wp-includes/fonts/
Not Found: /wp-includes/images/
Not Found: /.well-known/
Not Found: /ALFA_DATA/
Not Found: /.well-knownold/
Not Found: /.well-known/acme-challenge/
Not Found: /.well-known/
Not Found: /cgi-bin/
Not Found: /ALFA_DATA/
Not Found: /.well-knownold/
Not Found: /.well-known/acme-challenge/
Not Found: /.well-known/
Not Found: /uploads/
Not Found: /upload/
Not Found: /Admin/uploads/
Not Found: /images/
Not Found: /assets/
Not Found: /vendor/phpunit/phpunit/src/Util/PHP/
Not Found: /upload/image/
Not Found: /assets/images/
Not Found: /Public/
Not Found: /vendor/
Not Found: /local/
Not Found: /modules/
Not Found: /Site/
Not Found: /system/
Not Found: /template/
Not Found: /shop/
Not Found: /files/
Not Found: /include/
Not Found: /Assets/
Not Found: /images/stories/
Not Found: /plugins/
Not Found: /php/
Not Found: /wp-includes/assets/
Not Found: /wp-includes/Text/Diff/Engine/
Not Found: /wp-includes/block-patterns/
Not Found: /wp-includes/Text/Diff/
Not Found: /wp-includes/block-supports/
Not Found: /wp-includes/blocks/
Not Found: /wp-includes/certificates/
Not Found: /wp-includes/SimplePie/Cache/
Not Found: /wp-includes/SimplePie/Content/Type/
Not Found: /wp-includes/css/
Not Found: /wp-includes/SimplePie/Content/
Not Found: /wp-includes/rest-api/endpoints/
Not Found: /wp-includes/rest-api/fields/
Not Found: /wp-includes/Requests/Cookie/
Not Found: /wp-includes/Requests/Proxy/
Not Found: /wp-includes/Requests/Response/
Not Found: /wp-includes/Requests/Transport/
Not Found: /wp-includes/Requests/Utility/
Not Found: /wp-includes/js/codemirror/
Not Found: /wp-includes/Requests/Exception/HTTP/
Not Found: /wp-includes/js/crop/
Not Found: /wp-includes/images/crystal/
Not Found: /wp-includes/images/media/
Not Found: /wp-includes/images/smilies/
Not Found: /wp-includes/images/wlw/
Not Found: /wp-includes/rest-api/search/
Not Found: /wp-includes/Requests/Exception/
Not Found: /wp-includes/Requests/Auth/
Not Found: /wp-includes/sodium_compat/src/
Not Found: /wp-includes/sitemaps/providers/
Not Found: /wp-includes/Text/Diff/Engine/Engine/
Not Found: /wp-includes/customize/
Not Found: /wp-includes/fonts/
Not Found: /wp-includes/html-api/
Not Found: /wp-includes/ID3/
Not Found: /wp-includes/images/
Not Found: /wp-includes/IXR/
Not Found: /wp-includes/js/
Not Found: /wp-includes/php-compat/
Not Found: /wp-includes/PHPMailer/
Not Found: /wp-includes/pomo/
Not Found: /wp-includes/random_compat/
Not Found: /wp-includes/Requests/
Not Found: /wp-includes/rest-api/
Not Found: /wp-includes/SimplePie/
Not Found: /wp-includes/sitemaps/
Not Found: /wp-includes/sodium_compat/
Not Found: /wp-includes/style-engine/
Not Found: /wp-includes/Text/
Not Found: /wp-includes/theme-compat/
Not Found: /wp-includes/widgets/
Not Found: /wp-admin/css/colors/ectoplasm/
Not Found: /wp-admin/css/colors/
Not Found: /sites/default/files/
Not Found: /modules/mod_simplefileuploadv1.3/elements/
Not Found: /components/
Not Found: /wp-includes/js/
Not Found: /wp-includes/pomo/
Not Found: /wp-includes/rest-api/
Not Found: /wp-includes/widgets/
Not Found: /wp-admin/css/
Not Found: /wp-admin/images/
Not Found: /wp-admin/maint/
Not Found: /wp-admin/meta/
Not Found: /wp-admin/network/
Not Found: /wp-admin/user/
Not Found: /wp-content/
Not Found: /wp-content/plugins/
Not Found: /wp-content/themes/
Not Found: /wp-admin/includes/
Not Found: /wp-admin/
Not Found: /wp-content/upgrade/
Not Found: /.env
Not Found: /RDWeb/Pages/
Not Found: /favicon.ico
Not Found: /ads.txt
Not Found: /news/
Not Found: /favicon.ico
Not Found: /news/
Not Found: /favicon.ico
Not Found: /RDWeb/Pages/
Not Found: /wp-content/themes/about.php
Not Found: /wp-includes/assets/index.php
Not Found: /wp-content/mu-plugins/
Not Found: /wp-includes/widgets/about.php
Not Found: /wp-content/plugins/wp-help/index.php
Not Found: /woh.php
Not Found: /wp-admin/images/about.php
Not Found: /wp-admin/network/about.php
Not Found: /wp-admin/network/xmrlpc.php
Not Found: /vendor/
Not Found: /wp-includes/block-supports/
Not Found: /wp-admin/images/
Not Found: /log.php
Not Found: /template/
Not Found: /include/
Not Found: /link.php
Not Found: /wp-content/languages/index.php
Not Found: /cong.php
Not Found: /wp-config-sample.php
Not Found: /wp-includes/js/codemirror/
Not Found: /class_api.php
Not Found: /simple.php
Not Found: /wp-admin/network/
Not Found: /colour.php
Not Found: /wordpress/wp-includes/wp-config-sample.php
Not Found: /content.php
Not Found: /about/function.php
Not Found: /wp-includes/Requests/Response/
Not Found: /sites/default/files/
Not Found: /chosen.php
Not Found: /wp-admin/css/index.php
Not Found: /403.php
Not Found: /assets/images/doc.php
Not Found: /wp-includes/Requests/Exception/HTTP/
Not Found: /wp-includes/sitemaps/
Not Found: /post.php
Not Found: /white.php
Not Found: /wp-content/languages/a2.php
Not Found: /function.php
Not Found: /wp-admin/user/
Not Found: /wxo.php
Not Found: /inputs.php
Not Found: /doc.php
Not Found: /wp-content/mu-plugins-old/
Not Found: /Site/
Not Found: /ova.php
Not Found: /wp-admin/index.php
Not Found: /wp-admin/wp-login.php
Not Found: /images/
Not Found: /meta.php
Not Found: /buy.php
Not Found: /update.php
Not Found: /wp-content/plugins/elementor/assets/css/sf2vh3/index.php
Not Found: /wp-admin/css/wp-login.php
Not Found: /license.php
Not Found: /wp-includes/block-supports/index.php
Not Found: /wp-includes/images/wlw/
Not Found: /wp-admin/css/colors/ectoplasm/
Not Found: /wp-admin/maint/
Not Found: /wp_wol.php
Not Found: /wp-links.php
Not Found: /Public/
Not Found: /root.php
Not Found: /makeasmtp.php
Not Found: /packed.php
Not Found: /wp-includes/customize/about.php
Not Found: /.well-known/pki-validation/wp.-.admin.php
Not Found: /alfanew.php7
Not Found: /wp-includes/css/dist/format-library/lock.php
Not Found: /wp-includes/assets/themes.php
Not Found: /wp-includes/SimplePie/about.php
Not Found: /sck.php
Not Found: /wp-content/upgrade-temp-backup/wp-login.php
Not Found: /wp-admin/wp-conflg.php
Not Found: /xmlrpc.php
Not Found: /wp-admin.php
Not Found: /x/index.php
Not Found: /about.PHP
Not Found: /wp-includes/ID3/go.php
Not Found: /wp-content/themes/classic/inc/
Not Found: /wp-includes/random_compat/
Not Found: /wp-admin/install.php
Not Found: /wp-admin/wp-admin.php
Not Found: /wp-content/themes/
Not Found: /yindu.php
Not Found: /wp-admin/user/chosen.php
Not Found: /alfa-rex1.php
Not Found: /locale.php
Not Found: /block-bindings.php
Not Found: /wp-admin/images/dropdown.php
Not Found: /wp-includes/js/index.php
Not Found: /wp-includes/ID3/
Not Found: /wp-includes/Requests/Auth/
Not Found: /wp-content/plugins/
Not Found: /wp-includes/index.php
Not Found: /wp-includes/Text/wp-login.php
Not Found: /wp-conflg.php
Not Found: /wp-includes/blocks/
Not Found: /wp-includes/assets/
Not Found: /wp-includes/Requests/Utility/
Not Found: /wp-content/plugins/seoo/wsoyanz.php
Not Found: /.well-known/acme-challenge/
Not Found: /assets/images/
Not Found: /wp-includes/sitemaps/providers/
Not Found: /flower.php
Not Found: /functions.php
Not Found: /wp-contentt.php
Not Found: /wp-content/plugins/erinyani/asasx.php
Not Found: /wp-admin/about.php
Not Found: /wp-includes/block-patterns/
Not Found: /modules/mod_simplefileuploadv1.3/elements/
Not Found: /aa.php
Not Found: /wp-content/plugins/wp-help/admin/wp-fclass.php
Not Found: /webadmin.php
Not Found: /wp-includes/images/about.php
Not Found: /wp-includes/ID3/about.php
Not Found: /ALFA_DATA/
Not Found: /wp-includes/images/smilies/
Not Found: /text.php
Not Found: /hehe.php
Not Found: /cookie.php
Not Found: /menu.php
Not Found: /cloud.php
Not Found: /configs.php
Not Found: /wp-includes/IXR/
Not Found: /vendor/phpunit/phpunit/src/Util/PHP/
Not Found: /wp-admin/meta/
Not Found: /manager.php
Not Found: /wp-includes/fonts/wp-login.php
Not Found: /wp-cdi.php
Not Found: /index/about.php
Not Found: /wp-content/plugins/nbs7drg5/fooster1337.php
Not Found: /wp-includes/fonts/
Not Found: /.well-known/pki-validation/fm.php
Not Found: /wp-content/upgrade/shell.php
Not Found: /wsoyanz.php
Not Found: /index/function.php
Not Found: /atomlib.php
Not Found: /goods.php
Not Found: /edit.php
Not Found: /wp-content/pm.php
Not Found: /.well-known/radio.php
Not Found: /wp-content/plugins/erinyani/past.php
Not Found: /wp-includes/Requests/Proxy/
Not Found: /config.php7
Not Found: /plugins/function.php
Not Found: /c.php
Not Found: /wp-includes/Requests/Cookie/
Not Found: /wp-content/plugins/WordPressCore/index.php
Not Found: /ini.php
Not Found: /components/
Not Found: /wp-index.php
Not Found: /readme.php
Not Found: /wp-includes/Text/Diff/
Not Found: /wp-admin/js/index.php
Not Found: /.well-known/pki-validation/parx.php
Not Found: /system/
Not Found: /wso112233.php
Not Found: /moon.php
Not Found: /feeds.php
Not Found: /radio.php
Not Found: /epinyins.php
Not Found: /wp-admin/includes/xmrlpc.php
Not Found: /plugins/
Not Found: /wp-includes/js/
Not Found: /disagreed.php
Not Found: /wso.php
Not Found: /sxo.php
Not Found: /local/
Not Found: /db.php
Not Found: /.well-known/pki-validation/wp-login.php
Not Found: /aaa.php
Not Found: /wp-admin/includes/about.php
Not Found: /wp-content/plugins/pwnd/2.php
Not Found: /wp-includes/theme-compat/
Not Found: /wp-includes/fonts/index.php
Not Found: /wp-admin/js/widgets/xmrlpc.php
Not Found: /wp-content/about.php
Not Found: /wp-content/uploads/index.php
Not Found: /wp-content/plugins/ninja-forms/
Not Found: /wp-includes/images/
Not Found: /wp-includes/SimplePie/Content/
Not Found: /wp-includes/SimplePie/index.php
Not Found: /.well-known/
Not Found: /about.php
Not Found: /gecko-new.php
Not Found: /colors.php
Not Found: /wp-admin/x.php
Not Found: /wp-content/themes/admin.php
Not Found: /wp-theme.php
Not Found: /past.php
Not Found: /upload/image/
Not Found: /wp-includes/rest-api/
Not Found: /1.php
Not Found: /wp-includes/images/crystal/
Not Found: /Assets/
Not Found: /wp-content/plugins/seoplugins/wso112233.php
Not Found: //wp-2019.php
Not Found: /config.php
Not Found: /wp-includes/ID3/autoload_classmap.php
Not Found: /wp-includes/blocks/about.php
Not Found: /wp-content/plugins/phpad/acp.php
Not Found: /shop/
Not Found: /cron.php
Not Found: /xmlrpc.php0
Not Found: /wp-content/upgrade/about.php
Not Found: /wp-includes/customize/
Not Found: /wp-content/upgrade/
Not Found: /wp-content/gallery/about.php
Not Found: /.well-known/pki-validation/about.php
Not Found: /wp.php
Not Found: /wp-login.php
Not Found: /wp-includes/rest-api/endpoints/
Not Found: /wp-includes/defaults.php
Not Found: /alfa-rex.php7
Not Found: /customize.php
Not Found: /.well-known/makeasmtp.php
Not Found: /wp-includes/images/wp-login.php
Not Found: /wp-includes/images/smilies/index.php
Not Found: /wp-includes/Text/
Not Found: /cgi-bin/
Not Found: /autoload_classmap.php
Not Found: /wp-content/plugins/about.php
Not Found: //wp-content/themes/about.php
Not Found: /install.php
Not Found: /fai.php
Not Found: /wp-admin/includes/index.php
Not Found: /wp-admin/images/admin.php
Not Found: /mah.php
Not Found: /uploads/
Not Found: /wp-includes/html-api/
Not Found: /wp-admin/css/
Not Found: /uy26sfm6.php
Not Found: /wp-includes/sitemaps/providers/doc.php
Not Found: /wp-admin/images/wp-login.php
Not Found: /wp-admin/includes/admin.php
Not Found: /wp-admin/log.php
Not Found: /.well-knownold/
Not Found: /files/
Not Found: /wp-includes/sodium_compat/src/
Not Found: /defaults.php
Not Found: /theme.php
Not Found: /input.php
Not Found: /wp-includes/buy.php
Not Found: /wp-includes/block-supports/doc.php
Not Found: /assets/
Not Found: /wp-includes/Text/Diff/Engine/Engine/
Not Found: /room.php
Not Found: /bak.php
Not Found: /css/index.php
Not Found: /wp-includes/Text/Diff/Engine/about.php
Not Found: /wp-admin/images/xmrlpc.php
Not Found: /as.php
Not Found: /go.php
Not Found: /Admin/uploads/
Not Found: /wp-content/
Not Found: /wp-admin/chosen.php
Not Found: /zwso.php
Not Found: /wp-admin/images/index.php
Not Found: /modules/
Not Found: /wp-includes/SimplePie/Cache/
Not Found: /wp-content/themes/twentynineteen/fonts/dir/about.php
Not Found: /classwithtostring.php
Not Found: /NewFile.php
Not Found: /wp-includes/SimplePie/
Not Found: /wp-includes/Requests/Transport/
Not Found: /plugin.php
Not Found: /wp-includes/php-compat/
Not Found: /wp-includes/widgets/
Not Found: /file.php
Not Found: /spip.php
Not Found: /wp-info.php
Not Found: /wp-includes/
Not Found: /php/
Not Found: /wp-includes/Text/Diff/Engine/
Not Found: /bi.php
Not Found: /wp-includes/css/about.php
Not Found: /wp-admin/includes/wp-conflg.php
Not Found: /test.php
Not Found: /wp-includes/css/
Not Found: /wp-includes/certificates/
Not Found: /fm1.php
Not Found: /wp-includes/ID3/index.php
Not Found: /wp-content/languages/themes/wp-login.php
Not Found: /wp-content/uploads/wp-login.php
Not Found: /dropdown.php
Not Found: /2.php
Not Found: /alfa-rex.php
Not Found: /files.php
Not Found: /info.php
Not Found: /wp-content/shell20211028.php
Not Found: /wp-includes/rest-api/about.php
Not Found: /wp-content/uploads/
Not Found: /images/stories/
Not Found: /index.php
Not Found: /wp-happy.php
Not Found: /wp-content/file.php
Not Found: /wikindex.php
Not Found: /user.php
Not Found: /ws.php
Not Found: /shell.php
Not Found: /cgi-bin/cgi-bin/index.php
Not Found: /wp-includes/wp-class.php
Not Found: /classsmtps.php
Not Found: /wp-admin/user/wp-login.php
Not Found: /404.php
Not Found: /admin.php
Not Found: /wp-configs.php
Not Found: /wp-admin/network/admin.php
Not Found: /wp-admin/css/colors/
Not Found: /wp-express.php
Not Found: /wp-includes/js/crop/
Not Found: /wp-includes/PHPMailer/
Not Found: /wp-config.php
Not Found: /xleet.php
Not Found: /85022df0ed31.php
Not Found: /wp-includes/random_compat/chosen.php
Not Found: /wp-admin/includes/
Not Found: /randkeyword.php
Not Found: /wp-admin/network/index.php
Not Found: /wp-trackback.php
Not Found: /wp-includes/Requests/about.php
Not Found: /wp-includes/images/media/
Not Found: /wp-includes/pomo/
Not Found: /wp-includes/style-engine/
Not Found: /22.php
Not Found: /updates.php
Not Found: /wp-admin/css/colors/blue/index.php
Not Found: /system.php
Not Found: /alfa.php
Not Found: /themes.php
Not Found: /wp-content/uploads/admin.php
Not Found: /wp-content/index.php
Not Found: /wp-includes/SimplePie/Content/Type/
Not Found: /wp-includes/sodium_compat/
Not Found: /wp-admin/
Not Found: /wp-includes/Requests/
Not Found: /cgi-bin/index.php
Not Found: /default.php
Not Found: /wp-includes/IXR/index.php
Not Found: /k.php
Not Found: /wp-content/themes/news-portal/error.php
Not Found: /doc/function.php
Not Found: /wp-includes/Text/Diff/Renderer/
Not Found: /wp-includes/rest-api/fields/
Not Found: /wp-2019.php
Not Found: /wp-includes/Requests/Exception/
Not Found: /wp-includes/block-supports/about.php
Not Found: /wp-includes/sitemaps/about.php
Not Found: /favicon.ico
Not Found: /favicon.ico
Not Found: /app/.git/config
Not Found: /cms/.git/config
Not Found: /files/.git/config
Not Found: /.env.bak
Not Found: /build/.env
Not Found: /.git/config
Not Found: /backup/.git/config
Not Found: /.env.config
Not Found: /.env.dev
Not Found: /api/.env
Not Found: /server/.git/config
Not Found: /.env.live
Not Found: /.env.staging.local
Not Found: /data/.git/config
Not Found: /.env.dev.local
Not Found: /.env.local
Not Found: /.env.sandbox
Not Found: /www/.git/config
Not Found: /.env.development.local
Not Found: /.env.preprod
Not Found: /dev/.git/config
Not Found: /media/.git/config
Not Found: /src/.git/config
Not Found: /config/.git/config
Not Found: /.env.ci
Not Found: /.env.production
Not Found: /.env_sample
Not Found: /.env.save
Not Found: /config.json
Not Found: /public/.git/config
Not Found: /.env
Not Found: /.env.stage
Not Found: /.env.uat
Not Found: /.env.test
Not Found: /.aws/credentials
Not Found: /media../.git/config
Not Found: /.env.testing
Not Found: /static../.git/config
Not Found: /.env.default
Not Found: /config/.env
Not Found: /.env.secret
Not Found: /.env.backup
Not Found: /.env.dist
Not Found: /.env.production.local
Not Found: /assets../.git/config
Not Found: /configuration/.env
Not Found: /prod/.env
Not Found: /settings/.env
Not Found: /core/.git/config
Not Found: /docker-compose.prod.yml
Not Found: /.env.prod
Not Found: /.env.template
Not Found: /project/.git/config
Not Found: /api/.git/config
Not Found: /robots.txt
Not Found: /favicon.ico
Not Found: /.env
Not Found: /secrets.json
Not Found: /_vti_pvt/service.pwd
Not Found: /etc/shadow
Not Found: /.git/HEAD
Not Found: /user_secrets.yml
Not Found: /config.json
Not Found: /config.xml
Not Found: /server.key
Not Found: /_vti_pvt/administrators.pwd
Not Found: /.ssh/id_rsa
Not Found: /.ssh/id_ecdsa
Not Found: /.env.production
Not Found: /.vscode/sftp.json
Not Found: /config.php
Not Found: /wp-admin/setup-config.php
Not Found: /config.yml
Not Found: /cloud-config.yml
Not Found: /_vti_pvt/authors.pwd
Not Found: /config/production.json
Not Found: /etc/ssl/private/server.key
Not Found: /config.yaml
Not Found: /backup.zip
Not Found: /config/database.php
Not Found: /api/.env
Not Found: /phpinfo.php
Not Found: /server-status
Not Found: /docker-compose.yml
Not Found: /web.config
Not Found: /dump.sql
Not Found: /backup.sql
Not Found: /database.sql
Not Found: /feed
Not Found: /.ssh/id_ed25519
Not Found: /backup.tar.gz
Not Found: /.kube/config
Not Found: /.svn/wc.db
Not Found: /.env
Not Found: /wp-config.php
Not Found: /.aws/credentials
Not Found: /prod/config/.git/config
Not Found: /favicon.ico
Not Found: /favicon.ico
Not Found: /ab2g
Not Found: /ab2h
Not Found: /alive.php
Not Found: /t4
Not Found: /favicon.ico
Not Found: /teorema505
Not Found: /lib/python/.git/config
Not Found: /deploy/.git/config
Not Found: /media/.git/config
Not Found: /dashboard/.git/config
Not Found: /sandbox/.git/config
Not Found: /.env.tmp
Not Found: /favicon.ico
Not Found: /favicon.ico
Not Found: /_profiler/phpinfo
Not Found: /php_info.php
Not Found: /.env.save
Not Found: /phpinfo.php
Not Found: /config.js
Not Found: /application/.env
Not Found: /.env.prod
Not Found: /phpinfo
Not Found: /local/.env
Not Found: /.env
Not Found: /api/.env
Not Found: /dev/.env
Not Found: /backend/.env
Not Found: /config/.env
Forbidden (CSRF cookie not set.): /
Not Found: /favicon.ico
Not Found: /owa/auth/logon.aspx
Not Found: /webui/
Not Found: /favicon.ico
Not Found: /geoserver/web/
Not Found: /.git/config
Not Found: /.env
Not Found: /robots.txt
Not Found: /.env
Not Found: /.env
Not Found: /.remote
Not Found: /.local
Not Found: /.production
Not Found: /vendor/.env
Not Found: /lib/.env
Not Found: /lab/.env
Not Found: /cronlab/.env
Not Found: /cron/.env
Not Found: /core/.env
Not Found: /core/app/.env
Not Found: /core/Datavase/.env
Not Found: /database/.env
Not Found: /config/.env
Not Found: /assets/.env
Not Found: /app/.env
Not Found: /apps/.env
Not Found: /uploads/.env
Not Found: /sitemaps/.env
Not Found: /saas/.env
Not Found: /api/.env
Not Found: /psnlink/.env
Not Found: /exapi/.env
Not Found: /site/.env
Not Found: /web/.env
Not Found: /public/.env
Not Found: /en/.env
Not Found: /tools/.env
Not Found: /v1/.env
Not Found: /v2/.env
Not Found: /administrator/.env
Not Found: /laravel/.env
Not Found: /.env
Not Found: /favicon.ico
Not Found: /.env
Forbidden (CSRF cookie not set.): /
Not Found: /wp-login.php
Not Found: /api/tags
Not Found: /.env
Not Found: /favicon.ico
Not Found: /logs/archived/.git/config
Not Found: /project/backend/.git/config
Not Found: /data/staging/.git/config
Not Found: /favicon.ico
Not Found: /robots.txt
Not Found: /sitemap.xml
Not Found: /config.json
Not Found: /api/tags
Not Found: /.git/config
Not Found: /.git/config
Not Found: /.git/logs/
Not Found: /favicon.ico
Not Found: /favicon.ico
Not Found: /favicon.ico
Not Found: /favicon.ico
Not Found: /v2
Forbidden (CSRF cookie not set.): /
Not Found: /.env
Forbidden (CSRF cookie not set.): /
Not Found: /favicon.ico
Not Found: /favicon.ico
Not Found: /robots.txt
Not Found: /favicon.ico
Not Found: /favicon.ico
Not Found: /.git/index
Not Found: /actuator/gateway/routes
Not Found: /favicon.ico
Not Found: /favicon.ico
Not Found: /.git/logs/refs/
Not Found: /favicon.ico
Not Found: /wp-content/themes/about.php
Not Found: /wp-includes/assets/index.php
Not Found: /wp-content/mu-plugins/
Not Found: /wp-includes/widgets/about.php
Not Found: /wp-content/plugins/wp-help/index.php
Not Found: /woh.php
Not Found: /wp-admin/images/about.php
Not Found: /wp-admin/network/about.php
Not Found: /wp-admin/network/xmrlpc.php
Not Found: /vendor/
Not Found: /wp-includes/block-supports/
Not Found: /wp-admin/images/
Not Found: /log.php
Not Found: /template/
Not Found: /include/
Not Found: /link.php
Not Found: /wp-content/languages/index.php
Not Found: /cong.php
Not Found: /wp-config-sample.php
Not Found: /wp-includes/js/codemirror/
Not Found: /class_api.php
Not Found: /simple.php
Not Found: /wp-admin/network/
Not Found: /colour.php
Not Found: /wordpress/wp-includes/wp-config-sample.php
Not Found: /content.php
Not Found: /about/function.php
Not Found: /wp-includes/Requests/Response/
Not Found: /sites/default/files/
Not Found: /chosen.php
Not Found: /wp-admin/css/index.php
Not Found: /403.php
Not Found: /assets/images/doc.php
Not Found: /wp-includes/Requests/Exception/HTTP/
Not Found: /wp-includes/sitemaps/
Not Found: /post.php
Not Found: /white.php
Not Found: /wp-content/languages/a2.php
Not Found: /function.php
Not Found: /wp-admin/user/
Not Found: /wxo.php
Not Found: /inputs.php
Not Found: /doc.php
Not Found: /wp-content/mu-plugins-old/
Not Found: /Site/
Not Found: /ova.php
Not Found: /wp-admin/index.php
Not Found: /wp-admin/wp-login.php
Not Found: /images/
Not Found: /meta.php
Not Found: /buy.php
Not Found: /update.php
Not Found: /wp-content/plugins/elementor/assets/css/sf2vh3/index.php
Not Found: /wp-admin/css/wp-login.php
Not Found: /license.php
Not Found: /wp-includes/block-supports/index.php
Not Found: /wp-includes/images/wlw/
Not Found: /wp-admin/css/colors/ectoplasm/
Not Found: /wp-admin/maint/
Not Found: /wp_wol.php
Not Found: /wp-links.php
Not Found: /Public/
Not Found: /root.php
Not Found: /makeasmtp.php
Not Found: /packed.php
Not Found: /wp-includes/customize/about.php
Not Found: /.well-known/pki-validation/wp.-.admin.php
Not Found: /alfanew.php7
Not Found: /wp-includes/css/dist/format-library/lock.php
Not Found: /wp-includes/assets/themes.php
Not Found: /wp-includes/SimplePie/about.php
Not Found: /sck.php
Not Found: /wp-content/upgrade-temp-backup/wp-login.php
Not Found: /wp-admin/wp-conflg.php
Not Found: /xmlrpc.php
Not Found: /wp-admin.php
Not Found: /x/index.php
Not Found: /about.PHP
Not Found: /wp-includes/ID3/go.php
Not Found: /wp-content/themes/classic/inc/
Not Found: /wp-includes/random_compat/
Not Found: /wp-admin/install.php
Not Found: /wp-admin/wp-admin.php
Not Found: /wp-content/themes/
Not Found: /yindu.php
Not Found: /wp-admin/user/chosen.php
Not Found: /alfa-rex1.php
Not Found: /locale.php
Not Found: /block-bindings.php
Not Found: /wp-admin/images/dropdown.php
Not Found: /wp-includes/js/index.php
Not Found: /wp-includes/ID3/
Not Found: /wp-includes/Requests/Auth/
Not Found: /wp-content/plugins/
Not Found: /wp-includes/index.php
Not Found: /wp-includes/Text/wp-login.php
Not Found: /wp-conflg.php
Not Found: /wp-includes/blocks/
Not Found: /wp-includes/assets/
Not Found: /wp-includes/Requests/Utility/
Not Found: /wp-content/plugins/seoo/wsoyanz.php
Not Found: /.well-known/acme-challenge/
Not Found: /assets/images/
Not Found: /wp-includes/sitemaps/providers/
Not Found: /flower.php
Not Found: /functions.php
Not Found: /wp-contentt.php
Not Found: /wp-content/plugins/erinyani/asasx.php
Not Found: /wp-admin/about.php
Not Found: /wp-includes/block-patterns/
Not Found: /modules/mod_simplefileuploadv1.3/elements/
Not Found: /aa.php
Not Found: /wp-content/plugins/wp-help/admin/wp-fclass.php
Not Found: /webadmin.php
Not Found: /wp-includes/images/about.php
Not Found: /wp-includes/ID3/about.php
Not Found: /ALFA_DATA/
Not Found: /wp-includes/images/smilies/
Not Found: /text.php
Not Found: /hehe.php
Not Found: /cookie.php
Not Found: /menu.php
Not Found: /cloud.php
Not Found: /configs.php
Not Found: /wp-includes/IXR/
Not Found: /vendor/phpunit/phpunit/src/Util/PHP/
Not Found: /wp-admin/meta/
Not Found: /manager.php
Not Found: /wp-includes/fonts/wp-login.php
Not Found: /wp-cdi.php
Not Found: /index/about.php
Not Found: /wp-content/plugins/nbs7drg5/fooster1337.php
Not Found: /wp-includes/fonts/
Not Found: /.well-known/pki-validation/fm.php
Not Found: /wp-content/upgrade/shell.php
Not Found: /wsoyanz.php
Not Found: /index/function.php
Not Found: /atomlib.php
Not Found: /goods.php
Not Found: /edit.php
Not Found: /wp-content/pm.php
Not Found: /.well-known/radio.php
Not Found: /wp-content/plugins/erinyani/past.php
Not Found: /wp-includes/Requests/Proxy/
Not Found: /config.php7
Not Found: /plugins/function.php
Not Found: /c.php
Not Found: /wp-includes/Requests/Cookie/
Not Found: /wp-content/plugins/WordPressCore/index.php
Not Found: /ini.php
Not Found: /components/
Not Found: /wp-index.php
Not Found: /readme.php
Not Found: /wp-includes/Text/Diff/
Not Found: /wp-admin/js/index.php
Not Found: /.well-known/pki-validation/parx.php
Not Found: /system/
Not Found: /wso112233.php
Not Found: /moon.php
Not Found: /feeds.php
Not Found: /radio.php
Not Found: /epinyins.php
Not Found: /wp-admin/includes/xmrlpc.php
Not Found: /plugins/
Not Found: /wp-includes/js/
Not Found: /disagreed.php
Not Found: /wso.php
Not Found: /sxo.php
Not Found: /local/
Not Found: /db.php
Not Found: /.well-known/pki-validation/wp-login.php
Not Found: /aaa.php
Not Found: /wp-admin/includes/about.php
Not Found: /wp-content/plugins/pwnd/2.php
Not Found: /wp-includes/theme-compat/
Not Found: /wp-includes/fonts/index.php
Not Found: /wp-admin/js/widgets/xmrlpc.php
Not Found: /wp-content/about.php
Not Found: /wp-content/uploads/index.php
Not Found: /wp-content/plugins/ninja-forms/
Not Found: /wp-includes/images/
Not Found: /wp-includes/SimplePie/Content/
Not Found: /wp-includes/SimplePie/index.php
Not Found: /.well-known/
Not Found: /about.php
Not Found: /gecko-new.php
Not Found: /colors.php
Not Found: /wp-admin/x.php
Not Found: /wp-content/themes/admin.php
Not Found: /wp-theme.php
Not Found: /past.php
Not Found: /upload/image/
Not Found: /wp-includes/rest-api/
Not Found: /1.php
Not Found: /wp-includes/images/crystal/
Not Found: /Assets/
Not Found: /wp-content/plugins/seoplugins/wso112233.php
Not Found: //wp-2019.php
Not Found: /config.php
Not Found: /wp-includes/ID3/autoload_classmap.php
Not Found: /wp-includes/blocks/about.php
Not Found: /wp-content/plugins/phpad/acp.php
Not Found: /shop/
Not Found: /cron.php
Not Found: /xmlrpc.php0
Not Found: /wp-content/upgrade/about.php
Not Found: /wp-includes/customize/
Not Found: /wp-content/upgrade/
Not Found: /wp-content/gallery/about.php
Not Found: /.well-known/pki-validation/about.php
Not Found: /wp.php
Not Found: /wp-login.php
Not Found: /wp-includes/rest-api/endpoints/
Not Found: /wp-includes/defaults.php
Not Found: /alfa-rex.php7
Not Found: /customize.php
Not Found: /.well-known/makeasmtp.php
Not Found: /wp-includes/images/wp-login.php
Not Found: /wp-includes/images/smilies/index.php
Not Found: /wp-includes/Text/
Not Found: /cgi-bin/
Not Found: /autoload_classmap.php
Not Found: /wp-content/plugins/about.php
Not Found: //wp-content/themes/about.php
Not Found: /install.php
Not Found: /fai.php
Not Found: /wp-admin/includes/index.php
Not Found: /wp-admin/images/admin.php
Not Found: /mah.php
Not Found: /uploads/
Not Found: /wp-includes/html-api/
Not Found: /wp-admin/css/
Not Found: /uy26sfm6.php
Not Found: /wp-includes/sitemaps/providers/doc.php
Not Found: /wp-admin/images/wp-login.php
Not Found: /wp-admin/includes/admin.php
Not Found: /wp-admin/log.php
Not Found: /.well-knownold/
Not Found: /files/
Not Found: /wp-includes/sodium_compat/src/
Not Found: /defaults.php
Not Found: /theme.php
Not Found: /input.php
Not Found: /wp-includes/buy.php
Not Found: /wp-includes/block-supports/doc.php
Not Found: /assets/
Not Found: /wp-includes/Text/Diff/Engine/Engine/
Not Found: /room.php
Not Found: /bak.php
Not Found: /css/index.php
Not Found: /wp-includes/Text/Diff/Engine/about.php
Not Found: /wp-admin/images/xmrlpc.php
Not Found: /as.php
Not Found: /go.php
Not Found: /Admin/uploads/
Not Found: /wp-content/
Not Found: /wp-admin/chosen.php
Not Found: /zwso.php
Not Found: /wp-admin/images/index.php
Not Found: /modules/
Not Found: /wp-includes/SimplePie/Cache/
Not Found: /wp-content/themes/twentynineteen/fonts/dir/about.php
Not Found: /classwithtostring.php
Not Found: /NewFile.php
Not Found: /wp-includes/SimplePie/
Not Found: /wp-includes/Requests/Transport/
Not Found: /plugin.php
Not Found: /wp-includes/php-compat/
Not Found: /wp-includes/widgets/
Not Found: /file.php
Not Found: /spip.php
Not Found: /wp-info.php
Not Found: /wp-includes/
Not Found: /php/
Not Found: /wp-includes/Text/Diff/Engine/
Not Found: /bi.php
Not Found: /wp-includes/css/about.php
Not Found: /wp-admin/includes/wp-conflg.php
Not Found: /test.php
Not Found: /wp-includes/css/
Not Found: /wp-includes/certificates/
Not Found: /fm1.php
Not Found: /wp-includes/ID3/index.php
Not Found: /wp-content/languages/themes/wp-login.php
Not Found: /wp-content/uploads/wp-login.php
Not Found: /dropdown.php
Not Found: /2.php
Not Found: /alfa-rex.php
Not Found: /files.php
Not Found: /info.php
Not Found: /wp-content/shell20211028.php
Not Found: /wp-includes/rest-api/about.php
Not Found: /wp-content/uploads/
Not Found: /images/stories/
Not Found: /index.php
Not Found: /wp-happy.php
Not Found: /wp-content/file.php
Not Found: /wikindex.php
Not Found: /user.php
Not Found: /ws.php
Not Found: /shell.php
Not Found: /cgi-bin/cgi-bin/index.php
Not Found: /wp-includes/wp-class.php
Not Found: /classsmtps.php
Not Found: /wp-admin/user/wp-login.php
Not Found: /404.php
Not Found: /admin.php
Not Found: /wp-configs.php
Not Found: /wp-admin/network/admin.php
Not Found: /wp-admin/css/colors/
Not Found: /wp-express.php
Not Found: /wp-includes/js/crop/
Not Found: /wp-includes/PHPMailer/
Not Found: /wp-config.php
Not Found: /xleet.php
Not Found: /85022df0ed31.php
Not Found: /wp-includes/random_compat/chosen.php
Not Found: /wp-admin/includes/
Not Found: /randkeyword.php
Not Found: /wp-admin/network/index.php
Not Found: /wp-trackback.php
Not Found: /wp-includes/Requests/about.php
Not Found: /wp-includes/images/media/
Not Found: /wp-includes/pomo/
Not Found: /wp-includes/style-engine/
Not Found: /22.php
Not Found: /updates.php
Not Found: /wp-admin/css/colors/blue/index.php
Not Found: /system.php
Not Found: /alfa.php
Not Found: /themes.php
Not Found: /wp-content/uploads/admin.php
Not Found: /wp-content/index.php
Not Found: /wp-includes/SimplePie/Content/Type/
Not Found: /wp-includes/sodium_compat/
Not Found: /wp-admin/
Not Found: /wp-includes/Requests/
Not Found: /cgi-bin/index.php
Not Found: /default.php
Not Found: /wp-includes/IXR/index.php
Not Found: /k.php
Not Found: /wp-content/themes/news-portal/error.php
Not Found: /doc/function.php
Not Found: /wp-includes/Text/Diff/Renderer/
Not Found: /wp-includes/rest-api/fields/
Not Found: /wp-2019.php
Not Found: /wp-includes/Requests/Exception/
Not Found: /wp-includes/block-supports/about.php
Not Found: /wp-includes/sitemaps/about.php
Not Found: /version
Not Found: /favicon.ico
Not Found: /favicon.ico
Not Found: /.git/HEAD
Not Found: /.env
Not Found: /robots.txt
Not Found: /.git/logs/HEAD
Not Found: /favicon.ico
Not Found: /wp-content/themes/about.php
Not Found: /wp-includes/assets/index.php
Not Found: /wp-content/mu-plugins/
Not Found: /wp-includes/widgets/about.php
Not Found: /wp-content/plugins/wp-help/index.php
Not Found: /woh.php
Not Found: /wp-admin/images/about.php
Not Found: /wp-admin/network/about.php
Not Found: /wp-admin/network/xmrlpc.php
Not Found: /vendor/
Not Found: /wp-includes/block-supports/
Not Found: /wp-admin/images/
Not Found: /log.php
Not Found: /template/
Not Found: /include/
Not Found: /link.php
Not Found: /wp-content/languages/index.php
Not Found: /cong.php
Not Found: /wp-config-sample.php
Not Found: /wp-includes/js/codemirror/
Not Found: /class_api.php
Not Found: /simple.php
Not Found: /wp-admin/network/
Not Found: /colour.php
Not Found: /wordpress/wp-includes/wp-config-sample.php
Not Found: /content.php
Not Found: /about/function.php
Not Found: /wp-includes/Requests/Response/
Not Found: /sites/default/files/
Not Found: /chosen.php
Not Found: /wp-admin/css/index.php
Not Found: /403.php
Not Found: /assets/images/doc.php
Not Found: /wp-includes/Requests/Exception/HTTP/
Not Found: /wp-includes/sitemaps/
Not Found: /post.php
Not Found: /white.php
Not Found: /wp-content/languages/a2.php
Not Found: /function.php
Not Found: /wp-admin/user/
Not Found: /wxo.php
Not Found: /inputs.php
Not Found: /doc.php
Not Found: /wp-content/mu-plugins-old/
Not Found: /Site/
Not Found: /ova.php
Not Found: /wp-admin/index.php
Not Found: /wp-admin/wp-login.php
Not Found: /images/
Not Found: /meta.php
Not Found: /buy.php
Not Found: /update.php
Not Found: /wp-content/plugins/elementor/assets/css/sf2vh3/index.php
Not Found: /wp-admin/css/wp-login.php
Not Found: /license.php
Not Found: /wp-includes/block-supports/index.php
Not Found: /wp-includes/images/wlw/
Not Found: /wp-admin/css/colors/ectoplasm/
Not Found: /wp-admin/maint/
Not Found: /wp_wol.php
Not Found: /wp-links.php
Not Found: /Public/
Not Found: /root.php
Not Found: /makeasmtp.php
Not Found: /packed.php
Not Found: /wp-includes/customize/about.php
Not Found: /.well-known/pki-validation/wp.-.admin.php
Not Found: /alfanew.php7
Not Found: /wp-includes/css/dist/format-library/lock.php
Not Found: /wp-includes/assets/themes.php
Not Found: /wp-includes/SimplePie/about.php
Not Found: /sck.php
Not Found: /wp-content/upgrade-temp-backup/wp-login.php
Not Found: /wp-admin/wp-conflg.php
Not Found: /xmlrpc.php
Not Found: /wp-admin.php
Not Found: /x/index.php
Not Found: /about.PHP
Not Found: /wp-includes/ID3/go.php
Not Found: /wp-content/themes/classic/inc/
Not Found: /wp-includes/random_compat/
Not Found: /wp-admin/install.php
Not Found: /wp-admin/wp-admin.php
Not Found: /wp-content/themes/
Not Found: /yindu.php
Not Found: /wp-admin/user/chosen.php
Not Found: /alfa-rex1.php
Not Found: /locale.php
Not Found: /block-bindings.php
Not Found: /wp-admin/images/dropdown.php
Not Found: /wp-includes/js/index.php
Not Found: /wp-includes/ID3/
Not Found: /wp-includes/Requests/Auth/
Not Found: /wp-content/plugins/
Not Found: /wp-includes/index.php
Not Found: /wp-includes/Text/wp-login.php
Not Found: /wp-conflg.php
Not Found: /wp-includes/blocks/
Not Found: /wp-includes/assets/
Not Found: /wp-includes/Requests/Utility/
Not Found: /wp-content/plugins/seoo/wsoyanz.php
Not Found: /.well-known/acme-challenge/
Not Found: /assets/images/
Not Found: /wp-includes/sitemaps/providers/
Not Found: /flower.php
Not Found: /functions.php
Not Found: /wp-contentt.php
Not Found: /wp-content/plugins/erinyani/asasx.php
Not Found: /wp-admin/about.php
Not Found: /wp-includes/block-patterns/
Not Found: /modules/mod_simplefileuploadv1.3/elements/
Not Found: /aa.php
Not Found: /wp-content/plugins/wp-help/admin/wp-fclass.php
Not Found: /webadmin.php
Not Found: /wp-includes/images/about.php
Not Found: /wp-includes/ID3/about.php
Not Found: /ALFA_DATA/
Not Found: /wp-includes/images/smilies/
Not Found: /text.php
Not Found: /hehe.php
Not Found: /cookie.php
Not Found: /menu.php
Not Found: /cloud.php
Not Found: /configs.php
Not Found: /wp-includes/IXR/
Not Found: /vendor/phpunit/phpunit/src/Util/PHP/
Not Found: /wp-admin/meta/
Not Found: /manager.php
Not Found: /wp-includes/fonts/wp-login.php
Not Found: /wp-cdi.php
Not Found: /index/about.php
Not Found: /wp-content/plugins/nbs7drg5/fooster1337.php
Not Found: /wp-includes/fonts/
Not Found: /.well-known/pki-validation/fm.php
Not Found: /wp-content/upgrade/shell.php
Not Found: /wsoyanz.php
Not Found: /index/function.php
Not Found: /atomlib.php
Not Found: /goods.php
Not Found: /edit.php
Not Found: /wp-content/pm.php
Not Found: /.well-known/radio.php
Not Found: /wp-content/plugins/erinyani/past.php
Not Found: /wp-includes/Requests/Proxy/
Not Found: /config.php7
Not Found: /plugins/function.php
Not Found: /c.php
Not Found: /wp-includes/Requests/Cookie/
Not Found: /wp-content/plugins/WordPressCore/index.php
Not Found: /ini.php
Not Found: /components/
Not Found: /wp-index.php
Not Found: /readme.php
Not Found: /wp-includes/Text/Diff/
Not Found: /wp-admin/js/index.php
Not Found: /.well-known/pki-validation/parx.php
Not Found: /system/
Not Found: /wso112233.php
Not Found: /moon.php
Not Found: /feeds.php
Not Found: /radio.php
Not Found: /epinyins.php
Not Found: /wp-admin/includes/xmrlpc.php
Not Found: /plugins/
Not Found: /wp-includes/js/
Not Found: /disagreed.php
Not Found: /wso.php
Not Found: /sxo.php
Not Found: /local/
Not Found: /db.php
Not Found: /.well-known/pki-validation/wp-login.php
Not Found: /aaa.php
Not Found: /wp-admin/includes/about.php
Not Found: /wp-content/plugins/pwnd/2.php
Not Found: /wp-includes/theme-compat/
Not Found: /wp-includes/fonts/index.php
Not Found: /wp-admin/js/widgets/xmrlpc.php
Not Found: /wp-content/about.php
Not Found: /wp-content/uploads/index.php
Not Found: /wp-content/plugins/ninja-forms/
Not Found: /wp-includes/images/
Not Found: /wp-includes/SimplePie/Content/
Not Found: /wp-includes/SimplePie/index.php
Not Found: /.well-known/
Not Found: /about.php
Not Found: /gecko-new.php
Not Found: /colors.php
Not Found: /wp-admin/x.php
Not Found: /wp-content/themes/admin.php
Not Found: /wp-theme.php
Not Found: /past.php
Not Found: /upload/image/
Not Found: /wp-includes/rest-api/
Not Found: /1.php
Not Found: /wp-includes/images/crystal/
Not Found: /Assets/
Not Found: /wp-content/plugins/seoplugins/wso112233.php
Not Found: //wp-2019.php
Not Found: /config.php
Not Found: /wp-includes/ID3/autoload_classmap.php
Not Found: /wp-includes/blocks/about.php
Not Found: /wp-content/plugins/phpad/acp.php
Not Found: /shop/
Not Found: /cron.php
Not Found: /xmlrpc.php0
Not Found: /wp-content/upgrade/about.php
Not Found: /wp-includes/customize/
Not Found: /wp-content/upgrade/
Not Found: /wp-content/gallery/about.php
Not Found: /.well-known/pki-validation/about.php
Not Found: /wp.php
Not Found: /wp-login.php
Not Found: /wp-includes/rest-api/endpoints/
Not Found: /wp-includes/defaults.php
Not Found: /alfa-rex.php7
Not Found: /customize.php
Not Found: /.well-known/makeasmtp.php
Not Found: /wp-includes/images/wp-login.php
Not Found: /wp-includes/images/smilies/index.php
Not Found: /wp-includes/Text/
Not Found: /cgi-bin/
Not Found: /autoload_classmap.php
Not Found: /wp-content/plugins/about.php
Not Found: //wp-content/themes/about.php
Not Found: /install.php
Not Found: /fai.php
Not Found: /wp-admin/includes/index.php
Not Found: /wp-admin/images/admin.php
Not Found: /mah.php
Not Found: /uploads/
Not Found: /wp-includes/html-api/
Not Found: /wp-admin/css/
Not Found: /uy26sfm6.php
Not Found: /wp-includes/sitemaps/providers/doc.php
Not Found: /wp-admin/images/wp-login.php
Not Found: /wp-admin/includes/admin.php
Not Found: /wp-admin/log.php
Not Found: /.well-knownold/
Not Found: /files/
Not Found: /wp-includes/sodium_compat/src/
Not Found: /defaults.php
Not Found: /theme.php
Not Found: /input.php
Not Found: /wp-includes/buy.php
Not Found: /wp-includes/block-supports/doc.php
Not Found: /assets/
Not Found: /wp-includes/Text/Diff/Engine/Engine/
Not Found: /room.php
Not Found: /bak.php
Not Found: /css/index.php
Not Found: /wp-includes/Text/Diff/Engine/about.php
Not Found: /wp-admin/images/xmrlpc.php
Not Found: /as.php
Not Found: /go.php
Not Found: /Admin/uploads/
Not Found: /wp-content/
Not Found: /wp-admin/chosen.php
Not Found: /zwso.php
Not Found: /wp-admin/images/index.php
Not Found: /modules/
Not Found: /wp-includes/SimplePie/Cache/
Not Found: /wp-content/themes/twentynineteen/fonts/dir/about.php
Not Found: /classwithtostring.php
Not Found: /NewFile.php
Not Found: /wp-includes/SimplePie/
Not Found: /wp-includes/Requests/Transport/
Not Found: /plugin.php
Not Found: /wp-includes/php-compat/
Not Found: /wp-includes/widgets/
Not Found: /file.php
Not Found: /spip.php
Not Found: /wp-info.php
Not Found: /wp-includes/
Not Found: /php/
Not Found: /wp-includes/Text/Diff/Engine/
Not Found: /bi.php
Not Found: /wp-includes/css/about.php
Not Found: /wp-admin/includes/wp-conflg.php
Not Found: /test.php
Not Found: /wp-includes/css/
Not Found: /wp-includes/certificates/
Not Found: /fm1.php
Not Found: /wp-includes/ID3/index.php
Not Found: /wp-content/languages/themes/wp-login.php
Not Found: /wp-content/uploads/wp-login.php
Not Found: /dropdown.php
Not Found: /2.php
Not Found: /alfa-rex.php
Not Found: /files.php
Not Found: /info.php
Not Found: /wp-content/shell20211028.php
Not Found: /wp-includes/rest-api/about.php
Not Found: /wp-content/uploads/
Not Found: /images/stories/
Not Found: /index.php
Not Found: /wp-happy.php
Not Found: /wp-content/file.php
Not Found: /wikindex.php
Not Found: /user.php
Not Found: /ws.php
Not Found: /shell.php
Not Found: /cgi-bin/cgi-bin/index.php
Not Found: /wp-includes/wp-class.php
Not Found: /classsmtps.php
Not Found: /wp-admin/user/wp-login.php
Not Found: /404.php
Not Found: /admin.php
Not Found: /wp-configs.php
Not Found: /wp-admin/network/admin.php
Not Found: /wp-admin/css/colors/
Not Found: /wp-express.php
Not Found: /wp-includes/js/crop/
Not Found: /wp-includes/PHPMailer/
Not Found: /wp-config.php
Not Found: /xleet.php
Not Found: /85022df0ed31.php
Not Found: /wp-includes/random_compat/chosen.php
Not Found: /wp-admin/includes/
Not Found: /randkeyword.php
Not Found: /wp-admin/network/index.php
Not Found: /wp-trackback.php
Not Found: /wp-includes/Requests/about.php
Not Found: /wp-includes/images/media/
Not Found: /wp-includes/pomo/
Not Found: /wp-includes/style-engine/
Not Found: /22.php
Not Found: /updates.php
Not Found: /wp-admin/css/colors/blue/index.php
Not Found: /system.php
Not Found: /alfa.php
Not Found: /themes.php
Not Found: /wp-content/uploads/admin.php
Not Found: /wp-content/index.php
Not Found: /wp-includes/SimplePie/Content/Type/
Not Found: /wp-includes/sodium_compat/
Not Found: /wp-admin/
Not Found: /wp-includes/Requests/
Not Found: /cgi-bin/index.php
Not Found: /default.php
Not Found: /wp-includes/IXR/index.php
Not Found: /k.php
Not Found: /wp-content/themes/news-portal/error.php
Not Found: /doc/function.php
Not Found: /wp-includes/Text/Diff/Renderer/
Not Found: /wp-includes/rest-api/fields/
Not Found: /wp-2019.php
Not Found: /wp-includes/Requests/Exception/
Not Found: /wp-includes/block-supports/about.php
Not Found: /wp-includes/sitemaps/about.php
Not Found: /favicon.ico
Not Found: /favicon.ico
Not Found: /favicon.ico
Not Found: /favicon.ico
Not Found: /.env
Not Found: /RDWeb
Not Found: /wp-content/plugins/security-malware-firewall/readme.txt
Not Found: /.git/refs/
Not Found: /autodiscover/autodiscover.json
Not Found: /RDWeb/Pages/
Not Found: /.git/packed-refs
Not Found: /favicon.ico
Not Found: /+CSCOE+/logon.html
Not Found: /.env
Not Found: /infra/.git/config
Not Found: /app/config/.git/config
Not Found: /app/frontend/.git/config
Not Found: /static/content/.git/config
Not Found: /v2/.git/config
Not Found: /staging/.git/config
Not Found: /sandbox/.git/config
Not Found: /app/resources/.git/config
Not Found: /webui/
Not Found: /favicon.ico
Not Found: /geoserver/web/
Not Found: /.git/config
Not Found: /favicon.ico
Not Found: /favicon.ico
Not Found: /favicon.ico
Not Found: /favicon.ico
Not Found: /robots.txt
Not Found: /robots.txt
Not Found: /favicon.ico
Not Found: /favicon.ico
Invalid HTTP_HOST header: '0.0.0.0'. You may need to add '0.0.0.0' to ALLOWED_HOSTS.
Traceback (most recent call last):
  File "/root/infmax_1/myenv/lib/python3.10/site-packages/django/core/handlers/exception.py", line 55, in inner
    response = get_response(request)
  File "/root/infmax_1/myenv/lib/python3.10/site-packages/django/utils/deprecation.py", line 128, in __call__
    response = self.process_request(request)
  File "/root/infmax_1/myenv/lib/python3.10/site-packages/django/middleware/common.py", line 48, in process_request
    host = request.get_host()
  File "/root/infmax_1/myenv/lib/python3.10/site-packages/django/http/request.py", line 151, in get_host
    raise DisallowedHost(msg)
django.core.exceptions.DisallowedHost: Invalid HTTP_HOST header: '0.0.0.0'. You may need to add '0.0.0.0' to ALLOWED_HOSTS.
Bad Request: /
Not Found: /.env
Not Found: /.git/config
Not Found: /owa/auth/logon.aspx
Not Found: /.env
Not Found: /.env
Forbidden (CSRF cookie not set.): /
Not Found: /RDWeb
Not Found: /.env
Not Found: /favicon.ico
Not Found: /favicon.ico
Not Found: /favicon.ico
Not Found: /favicon.ico
Not Found: /.env
Not Found: /favicon.ico
Not Found: /.env
Not Found: /favicon.ico
Not Found: /favicon.ico
Not Found: /favicon.ico
Not Found: /favicon.ico
Not Found: /favicon.ico
Not Found: /favicon.ico
Not Found: /favicon.ico
Not Found: /favicon.ico
Not Found: /favicon.ico
Not Found: /favicon.ico
Not Found: /favicon.ico
Not Found: /favicon.ico
Not Found: /favicon.ico
Not Found: /favicon.ico
Not Found: /favicon.ico
Not Found: /favicon.ico
Not Found: /favicon.ico
Not Found: /sitemap.xml
Not Found: /robots.txt
Not Found: /favicon.ico
Not Found: /favicon.ico
Not Found: /favicon.ico
Not Found: /favicon.ico
Not Found: /favicon.ico
Not Found: /favicon.ico
Not Found: /favicon.ico
Not Found: /favicon.ico
Not Found: /favicon.ico
Not Found: /favicon.ico
Not Found: /favicon.ico
Not Found: /favicon.ico
Not Found: /favicon.ico
Not Found: /favicon.ico
Not Found: /favicon.ico
Not Found: /favicon.ico
Not Found: /favicon.ico
Not Found: /favicon.ico
Not Found: /favicon.ico
Not Found: /favicon.ico
Not Found: /favicon.ico
Not Found: /favicon.ico
Not Found: /favicon.ico
Not Found: /favicon.ico
Not Found: /favicon.ico
Not Found: /favicon.ico
Not Found: /favicon.ico
Not Found: /favicon.ico
Not Found: /favicon.ico
Not Found: /favicon.ico
Not Found: /favicon.ico
Not Found: /favicon.ico
Not Found: /favicon.ico
Not Found: /favicon.ico
Not Found: /favicon.ico
Not Found: /favicon.ico
Not Found: /favicon.ico
Not Found: /favicon.ico
Not Found: /favicon.ico
Not Found: /favicon.ico
Not Found: /favicon.ico
Not Found: /favicon.ico
Not Found: /favicon.ico
Not Found: /favicon.ico
Not Found: /favicon.ico
Not Found: /favicon.ico
Not Found: /favicon.ico
Not Found: /favicon.ico
Not Found: /favicon.ico
Not Found: /favicon.ico
Not Found: /favicon.ico
Not Found: /favicon.ico
Not Found: /favicon.ico
Not Found: /favicon.ico
Not Found: /ab2g
Not Found: /ab2h
Not Found: /alive.php
Not Found: /t4
Not Found: /favicon.ico
Not Found: /teorema505
Not Found: /favicon.ico
Not Found: /dev/.git/config
Not Found: /backup/.git/config
Not Found: /dashboard/.git/config
Not Found: /modules/.git/config
Not Found: /app/config/.git/config
Not Found: /sandbox/.git/config
Not Found: /modules/db/.git/config
Not Found: /core/.git/config
Not Found: /dev/backup/.git/config
Not Found: /ab2g
Not Found: /ab2h
Not Found: /alive.php
Not Found: /t4
Not Found: /favicon.ico
Not Found: /teorema505
Not Found: /.env
Forbidden (CSRF cookie not set.): /
Not Found: /.git/config
Not Found: /.env
Not Found: /robots.txt
Not Found: /robots.txt
Not Found: /.env
Not Found: /.env
Not Found: /browse.php
Not Found: /xmrlpc.php
Not Found: /wp-admin/repeater.php
Not Found: /wp-content/plugins/
Not Found: /wp-admin/maint/index.php
Not Found: /wp-content/gallery/about.php
Not Found: /mail.php
Not Found: /cron.php
Not Found: /wp-includes/Text/about.php
Not Found: /about.php
Not Found: /M1.php
Not Found: /ae.php
Not Found: /function.php
Not Found: /wp-admin/includes/index.php
Not Found: /headerg.php
Not Found: /classwithtostring.php
Not Found: /wp-content/plugins/seoo/alfa-rex1.php
Not Found: /wp-files.php
Not Found: /alfa-rex.php
Not Found: /content.php888
Not Found: /cgi-bin/wp-login.php
Not Found: /wp-content/themes/about.php
Not Found: /wp-content/themes/index.php
Not Found: /wp-includes/repeater.php
Not Found: /wp-admin/meta/
Not Found: /blog.php
Not Found: /buy.php
Not Found: /options.php
Not Found: /wp-includes/html-api/
Not Found: /max.php
Not Found: /hello.php
Not Found: /wp-includes/block-patterns/about.php
Not Found: /system/
Not Found: /ralphwetzel/theonionbox
Not Found: /wp-content/languages/index.php
Not Found: /wp-content/themes/twentytwentytwo/index.php
Not Found: /wp-content/plugins/seoplugins/db.php
Not Found: /wp-includes/blocks/
Not Found: /priv.php
Not Found: /wp-admin/maint/about.php
Not Found: /wp-content/admin.php
Not Found: /wp-admin/includes/
Not Found: /wp-trackback.php
Not Found: /wp-includes/rest-api/alfa-rex.php7
Not Found: /x.php
Not Found: /wp-content/plugins/wp-conflg.php
Not Found: /1p.php
Not Found: /wp-admin/css/colors/blue/index.php
Not Found: /Public/
Not Found: /Js.php
Not Found: /delpaths.php
Not Found: /jp.php
Not Found: /wp-includes/images/smilies/
Not Found: /wp-cron.php
Not Found: /feed-rss2-queue.php
Not Found: /byp.php
Not Found: /filemanager.php
Not Found: /wp-admin/js/autoload_classmap.php
Not Found: /wp-includes/block-patterns/themes.php
Not Found: /404.php123123
Not Found: /exif.php
Not Found: /extractable-loader-head.php
Not Found: /chosen.php
Not Found: /bs1.php
Not Found: /cgi-bin/file.php
Not Found: /wp-includes/wp-load.php
Not Found: /wp-content/themes/twentyeleven/functions.php
Not Found: /alumni_reg.php
Not Found: /goat1.php
Not Found: /autoload_classmap.php
Not Found: /wp-content/themes/sketch/404.php
Not Found: /wp-links.php
Not Found: /img/cloud.php
Not Found: /wp-includes/Requests/Text/admin.php
Not Found: /wp-content/plugins/linkpreview/db.php
Not Found: /wso112233.php
Not Found: /wp-admin/css/colors/file.php
Not Found: /wp-signup.php
Not Found: /fi2.php
Not Found: /13.php
Not Found: /.well-known/pki-validation/xmrlpc.php
Not Found: /wp-content/uploads/
Not Found: /admin.php
Not Found: /file.php
Not Found: /wp-admin/wp-admin.php
Not Found: /wp-content/themes/seotheme/mar.php
Not Found: /wp-includes/SimplePie/about.php
Not Found: /wp-includes/rest-api/search/
Not Found: /colors.php
Not Found: /radio.php
Not Found: /wp-admin/js/wp-login.php
Not Found: /wp-content/mu-plugins/
Not Found: /1.php7
Not Found: /updates.php
Not Found: /lock.php
Not Found: /wp-includes/images/about.php
Not Found: /images/stories/
Not Found: /ws.php
Not Found: /csv.php
Not Found: /wp-content/updraft/about.php
Not Found: /wp-includes/SimplePie/
Not Found: /wp-includes/Text/
Not Found: /wp-admin/
Not Found: /wp-content/plugins/pwnd/pwnd.php
Not Found: /wp-admin/css/colors/coffee/cloud.php
Not Found: /ws.php7
Not Found: /modules/
Not Found: /curl.php
Not Found: /alfa1.php
Not Found: /wp-content/autoload_classmap.php
Not Found: /BIBIL_0DAY.php
Not Found: /wp-includes/
Not Found: /eq2hbpgs.php
Not Found: /admin.php
Not Found: /wp-content/install.php
Not Found: /wp-includes/ID3/
Not Found: /wp-admin/images/file.php
Not Found: /wp-includes/fonts/
Not Found: /upload/image/
Not Found: /functions.php
Not Found: /log.php
Not Found: /wp-content/plugins/simple/simple.php
Not Found: /wp-includes/Requests/about.php
Not Found: /dxc.php
Not Found: /wp-includes/rest-api/about.php
Not Found: /iR7SzrsOUEP.php
Not Found: /haiterus.php
Not Found: /fied.php
Not Found: /beence.php
Not Found: /class-IXR-base64-view.php
Not Found: /cgi-bin/xmrlpc.php
Not Found: /test.php
Not Found: /wp-includes/widgets/
Not Found: /cloud.php
Not Found: /asasx.php
Not Found: /.well-known/pki-validation/install.php
Not Found: /classwithtostring.php
Not Found: /sb.php
Not Found: /wp-admin/file.php
Not Found: /wp-admin/images/about.php
Not Found: /wp-admin/user/themes.php
Not Found: /wp-admin/includes/about.php
Not Found: /alfa-rex2.php7
Not Found: /83064.php
Not Found: /hkvkjguw.php
Not Found: /admin.php
Not Found: /index.php
Not Found: /item.php
Not Found: /wp-includes/index.php
Not Found: /wp-admin/css/colors/ectoplasm/
Not Found: /alfanew.php
Not Found: /bak.php
Not Found: /gecko-new.php
Not Found: /wp-admin/images/index.php
Not Found: /404.php
Not Found: /bypass.php
Not Found: /BIBIL0DAY.php
Not Found: /wp-admin/css/colors/index.php
Not Found: /wp-content/themes/admin.php
Not Found: /wp-content/themes/pridmag/db.php
Not Found: /content.php
Not Found: /OthioNDwMEK.php
Not Found: /0x.php
Not Found: /img/about.php
Not Found: /avaa.php
Not Found: /alfanew.php7
Not Found: /ewywe1dg.php
Not Found: /wp-includes/ID3/about.php
Not Found: /ALFA_DATA/
Not Found: /bypass.php7
Not Found: /.well-known/acme-challenge/file.php
Not Found: /asus.php
Not Found: /wp-admin/css/colors/blue/index.php
Not Found: /wp-includes/IXR/admin.php
Not Found: /inputs.php
Not Found: /link.php
Not Found: /wp-includes/admin.php
Not Found: /wp-content/blogs.dir/about.php
Not Found: /assets/images/
Not Found: /wp-includes/sodium_compat/
Not Found: /wp-blog-header.php
Not Found: /aksinet.php
Not Found: /wp-content/upgrade/index.php
Not Found: /wp-includes/SimplePie/index.php
Not Found: /aleXus.php
Not Found: /NewFile.php
Not Found: /admin-post.php
Not Found: /repeater.php
Not Found: /vendor/phpunit/phpunit/src/Util/PHP/
Not Found: /config.php7
Not Found: /index/function.php
Not Found: /wp-admin/maint/
Not Found: /hyIPpxWDQ.php
Not Found: /moon.php
Not Found: /wp-content/cong.php
Not Found: /wp-includes/Requests/Cookie/
Not Found: /wp-includes/Requests/Utility/
Not Found: /f.php
Not Found: /error.php
Not Found: /wp-includes/install.php
Not Found: /alfanew2.php7
Not Found: /edit.php
Not Found: /fox.php
Not Found: /.well-known/acme-challenge/autoload_classmap.php
Not Found: /.well-known/classwithtostring.php
Not Found: /wp-content/plugins/about.php
Not Found: /wp-includes/404.php
Not Found: /wp-includes/certificates/wp-login.php
Not Found: /wp-content/themes/twentytwenty/functions.php
Not Found: /wp-admin/dropdown.php
Not Found: /local/
Not Found: /.well-known/plugins.php
Not Found: /lv.php
Not Found: /wp-includes/images/media/
Not Found: /backup.php
Not Found: /form.php
Not Found: /wp-admin/images/wp-login.php
Not Found: /wp-includes/widgets/about.php
Not Found: /aQzODIgoBr.php
Not Found: /c.php
Not Found: /Casper.php
Not Found: /tiny.php
Not Found: /wp-includes/IXR/about.php
Not Found: /wp-content/themes/twentythirteen/functions.php
Not Found: /wp-admin/js/widgets/xmrlpc.php
Not Found: /24.php
Not Found: /wp-content/file.php
Not Found: /wp-content/themes/twenty/twenty.php
Not Found: /wp-includes/SimplePie/index.php
Not Found: /wp-includes/Requests/Exception/HTTP/
Not Found: /403.php
Not Found: /wp-content/plugins/pwnd/block-support.php
Not Found: /wp-includes/style-engine/about.php
Not Found: /wp-content/upgrade/
Not Found: /classsmtps.php
Not Found: /mini.php
Not Found: /wp-admin/autoload_classmap.php
Not Found: /wp-admin/js/index.php
Not Found: /wp-admin/network/cloud.php
Not Found: /y.php
Not Found: /wp-admin/maint/maint/ajax-actions.php
Not Found: /class-wp-cmd.php
Not Found: /help.php
Not Found: /mah.php
Not Found: /wp-admin/images/xmrlpc.php
Not Found: /wp-content/themes/aahana/json.php
Not Found: /.well-knownold/
Not Found: /wp-includes/images/wlw/
Not Found: /wp-includes/Text/Diff/Engine/Engine/
Not Found: /admin.php7
Not Found: /ini.php
Not Found: /embed.php
Not Found: //wp-includes/Requests/about.php
Not Found: /info.php
Not Found: /randkeyword.PhP8
Not Found: /update.php
Not Found: /wp-includes/rest-api/endpoints/
Not Found: /components/
Not Found: /wp-content/plugins/google-seo-rank/module.php
Not Found: /wp-content/banners/about.php
Not Found: /wp-content/db-cache.php
Not Found: /wp-includes/blocks/about.php
Not Found: /wp-includes/widgets/themes.php
Not Found: /plugins/
Not Found: /modules/mod_simplefileuploadv1.3/elements/
Not Found: /wp-includes/assets/
Not Found: /wp-includes/sodium_compat/src/
Not Found: /wp-admin/images/
Not Found: /fw.php
Not Found: /wp-includes/rest-api/fields/
Not Found: /class.api.php
Not Found: /wp-includes/about.php
Not Found: /c99.php
Not Found: /about.php525
Not Found: /.well-known/makeasmtp.php
Not Found: /load.php
Not Found: /wp-admin/user/cloud.php
Not Found: /wp-content/index.php
Not Found: /libraries/legacy/updates.php
Not Found: /wp-content/plugins/seoo/wsoyanz1.php
Not Found: /gebase.php
Not Found: /wp-load.php
Not Found: /catuploadcsv.php
Not Found: /wp-login.php
Not Found: /1.php
Not Found: /ty.php
Not Found: /images/cloud.php
Not Found: /wp-content/plugins/seoplugins/mar.php
Not Found: /wp-admin/network/xmrlpc.php
Not Found: /libraries/phpmailer/updates.php
Not Found: /libraries/vendor/updates.php
Not Found: /cache.php
Not Found: /m.php
Not Found: /wp-admin/user/xmrlpc.php
Not Found: /class-IXR-encryption.php
Not Found: /.well-known/pki-validation/parx.php
Not Found: /cong.php
Not Found: /php/
Not Found: /wp-includes/rest-api/
Not Found: /wp-conflg.php
Not Found: /ALFA_DATA/autoload_classmap.php
Not Found: /wp-includes/autoload_classmap.php
Not Found: /MYK4TJEfFvO.php
Not Found: /.well-known/pki-validation/about.php
Not Found: /wp-includes/PHPMailer/admin.php
Not Found: /shop/
Not Found: /wp-includes/Text/Diff/Engine/
Not Found: /feeds.php
Not Found: /wp-content/themes/seotheme/db.php
Not Found: /wp-admin/xmrlpc.php
Not Found: /wp-includes/block-patterns/
Not Found: /f35.php
Not Found: /access.php
Not Found: /autoload_classmap.php
Not Found: /wp-includes/images/
Not Found: /wp.php
Not Found: /about.php
Not Found: /files.php
Not Found: /.well-known/acme-challenge/index.php
Not Found: /cgi-bin/about.php
Not Found: /system.php
Not Found: /wp-includes/fonts/wp-login.php
Not Found: /.well-known/acme-challenge/cloud.php
Not Found: /.well-known/pki-validation/admin.php
Not Found: /.well-known/pki-validation/index.php
Not Found: /feed/atom/
Not Found: /manager.php
Not Found: /wordpress/about.php
Not Found: /wp-p.php7
Not Found: /index/function.php
Not Found: /tinyfilemanager.php
Not Found: /wp-content/themes/404.php
Not Found: /wp-admin/css/about.php
Not Found: /wp-includes/sitemaps/
Not Found: /fucixwya.php
Not Found: /themes.php
Not Found: /.well-known/acme-challenge/admin.php
Not Found: //wp-includes/images/about.php
Not Found: /cgi-bin/cloud.php
Not Found: /upload/
Not Found: /aaa.php
Not Found: /ab1ux1ft.php
Not Found: /wp-activate.php
Not Found: /makeasmtp.php
Not Found: /wp-includes/ID3/about.php
Not Found: /wp-includes/widgets/about.php
Not Found: /wp-content/updates.php
Not Found: /wp-consar.php
Not Found: /wp-includes/css/
Not Found: /wp-admin/css/
Not Found: /post.php
Not Found: /upfile.php
Not Found: /wp-includes/pomo/about.php
Not Found: /contact_tpl.php
Not Found: /cong.php
Not Found: /wp-includes/SimplePie/Cache/
Not Found: /disagraeosc.php
Not Found: /hoot.php
Not Found: /eNtnKM.php
Not Found: /wp-content/languages/about.php
Not Found: /wp-admin/css/colors/blue/cloud.php
Not Found: /wp-includes/js/crop/
Not Found: /xleet.php
Not Found: /wp-admin/css/index.php
Not Found: /images/
Not Found: /class-walker-category-dropdown-class.php
Not Found: /wp-includes/PHPMailer/
Not Found: /wp-includes/pomo/
Not Found: /as.php
Not Found: /cljntmcz.php
Not Found: /wp-admin/includes/xmrlpc.php
Not Found: /.well-known/acme-challenge/
Not Found: /wp-includes/random_compat/
Not Found: /ggfi.php
Not Found: /Auth.php
Not Found: /5173e.php
Not Found: /wp-content/plugins/wp-theme-editor/include.php
Not Found: /css/cloud.php
Not Found: /cache-compat.php
Not Found: /gebase.php69
Not Found: /wp-admin/user/about.php
Not Found: /wp-content/wp-login.php
Not Found: /img/xmrlpc.php
Not Found: /wp-admin/css/colors/blue/xmrlpc.php
Not Found: /wp-includes/SimplePie/Content/Type/
Not Found: /addslashes.php
Not Found: /global.php
Not Found: /wp-admin/includes/cloud.php
Not Found: /wp-admin/js/about.php
Not Found: /wp-includes/themes.php
Not Found: /wp-login.php
Not Found: /wp-includes/IXR/
Not Found: /wp-includes/SimplePie/Content/
Not Found: /22.php
Not Found: /block-bindings.php
Not Found: /conf_upload.php
Not Found: /about/function.php
Not Found: /tinyfilemanager/tinyfilemanager.php
Not Found: /wp-content/upgrade-temp-backup/about.php
Not Found: /wp-content/themes/oceanwp/functions.php
Not Found: /depotcv.php
Not Found: /favicon.php
Not Found: /al.php
Not Found: /getid3-core.php
Not Found: /text.php
Not Found: /assets/
Not Found: /.well-known/wp-2019.php
Not Found: /wp-admin/network/index.php
Not Found: /.well-known/acme-challenge/xmrlpc.php
Not Found: /e69ovfsr.php
Not Found: /wp-mail.php
Not Found: /wp-admin/cloud.php
Not Found: /atomlib.php
Not Found: /contentloader1.php
Not Found: /wp-content/themes/about.php
Not Found: /wp-admin/ajax-actions.php
Not Found: /Alfa.php
Not Found: /install.php
Not Found: /manager.php
Not Found: /wp-admin/css/colors/coffee/index.php
Not Found: /wp-includes/Requests/Proxy/
Not Found: /flower.php
Not Found: /disagreed.php
Not Found: /.well-known/
Not Found: /wp-content/themes/classic/inc/
Not Found: /OK.php
Not Found: /wp-content/about.php
Not Found: /wp-includes/php-compat/
Not Found: /colour.php
Not Found: /bihnmimh.php
Not Found: /wp-includes/Requests/
Not Found: /wp-content/plugins/ninja-forms/
Not Found: /include/
Not Found: /alfa-rex.php7
Not Found: /wp-includes/Text/Diff/Renderer/
Not Found: /wp-includes/customize/
Not Found: /lufix.php
Not Found: /geju.php
Not Found: /yanz.php
Not Found: /doc.php
Not Found: /simple.php
Not Found: /wp-admin/images/cloud.php
Not Found: /class-php
Not Found: /cJLGqzB.php
Not Found: /dirs.php
Not Found: /readme.php
Not Found: /wp-content/themes/astra/inc/ki1k.php
Not Found: /wp-content/themes/wp-pridmag/init.php
Not Found: /wp-includes/customize/about.php
Not Found: /wp-content/plugins/admin.php
Not Found: /css.php
Not Found: /moon.php
Not Found: /12.php
Not Found: /cookie.php
Not Found: /file.php
Not Found: /makeasmtp.php
Not Found: /wp-includes/css/admin.php
Not Found: /wp-includes/certificates/
Not Found: /Site/
Not Found: /wp-includes/Text/Diff/
Not Found: /about.php7
Not Found: /plugins.php
Not Found: /Assets/
Not Found: /wp-content/
Not Found: /go.php
Not Found: /cadastro-2.php
Not Found: /essexec.php
Not Found: /wp-admin/index.php
Not Found: /css/xmrlpc.php
Not Found: /wp-includes/Requests/Auth/
Not Found: /wp-includes/js/
Not Found: /images/xmrlpc.php
Not Found: /fxcexgle.php
Not Found: /wp-content/plugins/Cache/Cache.php
Not Found: /wp-content/plugins/awesome-coming-soon/come.php
Not Found: /add_actualites.php
Not Found: /.well-known/about.php
Not Found: /wp-content/index.php
Not Found: /wp-includes/block-supports/
Not Found: /wp-includes/Requests/Response/
Not Found: /disagraeed.php
Not Found: /IDhrIlrLb.php
Not Found: /wp.php
Not Found: /ebs.php7
Not Found: /1index.php
Not Found: /cnzcsfwm.php
Not Found: /wp-includes/SimplePie/wp-login.php
Not Found: /wp-admin/css/colors/cloud.php
Not Found: /wp-includes/Requests/Exception/
Not Found: /.well-known/pki-validation/cloud.php
Not Found: /cache-base.php
Not Found: /blog.php7
Not Found: /disagraep.php
Not Found: /.well-known/pki-validation/file.php
Not Found: /Admin/uploads/
Not Found: /.well-known/pki-validation/wp-login.php
Not Found: /wsoyanz.php
Not Found: /wp-includes/js/codemirror/
Not Found: /alfa.php
Not Found: /css/index.php
Not Found: /randkeyword.php
Not Found: /wp-atom.php
Not Found: /adminfuns.php7
Not Found: /GOD.php
Not Found: /disagrsod.php
Not Found: /wp-admin/user/index.php
Not Found: /wp-content/plugins/index.php
Not Found: /wp-includes/Requests/Transport/
Not Found: /wp-content/themes/
Not Found: /wp-comments-post.php
Not Found: /shell.php
Not Found: /wp-admin/themes.php
Not Found: /wp-content/plugins/fix/up.php
Not Found: /class-walker-comment-beta.php
Not Found: /amaxx.php
Not Found: /gecko.php
Not Found: /inputs.php
Not Found: /wp-admin/about.php
Not Found: /wp-content/themes/kadence/functions.php
Not Found: /vendor/
Not Found: /wp-includes/style-engine/
Not Found: /xmrlpc.php
Not Found: /abouts.php
Not Found: /wp-admin/network/
Not Found: /wp-admin/user/
Not Found: /license.php
Not Found: /wp-content/plugins/not/includes/about.php
Not Found: /wp-includes/about.php
Not Found: /wp-content/repeater.php
Not Found: /wp-content/plugins/seoo/wsoyanz.php
Not Found: /wp-admin/css/colors/coffee/xmrlpc.php
Not Found: /uploads/
Not Found: /dropdown.php
Not Found: /wp-sigunq.php
Not Found: /NFXxUAA.php
Not Found: /shell20211028.php
Not Found: /wp-content/themes/index.php
Not Found: /files/
Not Found: /4price.php
Not Found: /.well-known/index.php
Not Found: /cgi-bin/index.php
Not Found: /index.php
Not Found: /wp-admin/js/widgets/cloud.php
Not Found: /wp-admin/css/colors/xmrlpc.php
Not Found: /DxHhVcy2bmJ.php
Not Found: /admin.php1
Not Found: /wp-2019.php
Not Found: /mah.php
Not Found: /wp-includes/SimplePie/gzdecodes.php.suspected
Not Found: /wp-includes.bak/html-api/about.php
Not Found: /wp-admin/js/widgets/about.php7
Not Found: /inc.php
Not Found: /.well-known/themes.php
Not Found: /ok.php
Not Found: /wp-configs.php
Not Found: /ajax-actions.php
Not Found: /wp-content/mu-plugins-old/
Not Found: /wp-includes/images/crystal/
Not Found: /wp-includes/sitemaps/providers/
Not Found: /wp-admin/css/colors/
Not Found: /ds.php
Not Found: /cgi-bin/
Not Found: /inputs.php
Not Found: /images/about.php
Not Found: /02.php
Not Found: /filemanager.php
Not Found: /wp-includes/theme-compat/about.php
Not Found: /template/
Not Found: /wp-includes/theme-compat/
Not Found: /sites/default/files/
Not Found: /index.php
Not Found: /Njima.php
Not Found: /wp-admin/css/colors/blue/admin.php
Not Found: /ecp/Current/exporttool/microsoft.exchange.ediscovery.exporttool.application
Not Found: /.env
Not Found: /actuator/gateway/routes
Not Found: /.git/config
Not Found: /webui/
Not Found: /favicon.ico
Not Found: /.git/config
Not Found: /geoserver/web/
Not Found: /.git/config
Not Found: /favicon.ico
Not Found: /favicon.ico
Not Found: /favicon.ico
Not Found: /favicon.ico
Not Found: /.env
Not Found: /favicon.ico
Not Found: /favicon.ico
Not Found: /.git/config
Not Found: /favicon.ico
Not Found: /favicon.ico
Not Found: /favicon.ico
Not Found: /.env
Not Found: /.env
Not Found: /favicon.ico
Not Found: /favicon.ico
Not Found: /favicon.ico
Not Found: /favicon.ico
Not Found: /sdk
Not Found: /odinhttpcall1740812876
Not Found: /HNAP1
Not Found: /evox/about
Forbidden (CSRF cookie not set.): /
Not Found: /favicon.ico
Not Found: /favicon.ico
Not Found: /favicon.ico
Not Found: /favicon.ico
Not Found: /favicon.ico
Not Found: /.aws-sdk/config.json
Not Found: /.aws-sdk/credentials.json
Not Found: /.aws/config
Not Found: /.aws/credentials
Not Found: /.boto
Not Found: /.circleci/config.yml
Not Found: /.cloudfoundry/config.json
Not Found: /.elasticbeanstalk/config.yml
Not Found: /.env
Not Found: /.env.backup
Not Found: /.env.bak
Not Found: /.env.ci
Not Found: /.env.dev
Not Found: /.env.dev.local
Not Found: /.env.development.local
Not Found: /.env.docker
Not Found: /.env.example
Not Found: /.env.live
Not Found: /.env.local
Not Found: /.env.old
Not Found: /.env.php
Not Found: /.env.private
Not Found: /.env.prod
Not Found: /.env.prod.local
Not Found: /.env.production
Not Found: /.env.production.local
Not Found: /.env.sample.php
Not Found: /.env.save
Not Found: /.env.sendgrid
Not Found: /.env.stage
Not Found: /.env.staging.local
Not Found: /.env.test.local
Not Found: /.env.www
Not Found: /.env_1
Not Found: /.env_sample
Not Found: /.github/workflows/aws.yml
Not Found: /.gitlab-ci.yml
Not Found: /.helm/values.yaml
Not Found: /.kube/config
Not Found: /.sendgrid/config
Not Found: /.sendgrid/credentials
Not Found: /.terraformrc
Not Found: /.terragrunt
Not Found: /.tfvars.json
Not Found: /_profiler/phpinfo
Not Found: /ansible/group_vars/all
Not Found: /ansible/roles/aws/defaults/main.yml
Not Found: /ansible/roles/aws/vars/main.yml
Not Found: /ansible/vars/main.yml
Not Found: /api/.env
Not Found: /api/config.json
Not Found: /api/keys.json
Not Found: /api_keys/sendgrid_keys.json
Not Found: /app/config/aws-credentials.yml
Not Found: /app/config/parameters.yml
Not Found: /app/settings/base.php.1
Not Found: /app/settings/base.php.backup
Not Found: /app/settings/base.php.bak
Not Found: /app/settings/base.php.dist
Not Found: /app/settings/base.php.old
Not Found: /app/settings/base.php.save
Not Found: /app/settings/base.php.tmp
Not Found: /app/settings/base.php.txt
Not Found: /application.properties
Not Found: /application.yml
Not Found: /appsettings.Production.json
Not Found: /appsettings.json
Not Found: /appsync/config.json
Not Found: /assets/.env
Not Found: /assets/credentials.json
Not Found: /aws-batch/job-config.json
Not Found: /aws-config.ini
Not Found: /aws-config.json
Not Found: /aws-config.yml
Not Found: /aws-cpp-sdk-config.json
Not Found: /aws-credentials.json
Not Found: /aws-eks/cluster-config.yaml
Not Found: /aws-glue/config.json
Not Found: /aws-go-sdk-config.json
Not Found: /aws-java-sdk-config.xml
Not Found: /aws-js-sdk-config.json
Not Found: /aws-php-sdk-config.json
Not Found: /aws-python-sdk-config.json
Not Found: /aws-ruby-sdk-config.yml
Not Found: /aws-sdk/config
Not Found: /aws-sdk/config.json
Not Found: /aws-sdk/credentials.json
Not Found: /aws-secrets.json
Not Found: /aws-secrets.yml
Not Found: /aws.config.js
Not Found: /aws.env
Not Found: /aws/api-gateway-config.json
Not Found: /aws/athena-config.json
Not Found: /aws/autoscaling-config.json
Not Found: /aws/aws_secrets.txt
Not Found: /aws/cloudwatch-config.json
Not Found: /aws/codedeploy-config.json
Not Found: /aws/codepipeline-config.json
Not Found: /aws/cognito-config.json
Not Found: /aws/config
Not Found: /aws/config.ini
Not Found: /aws/config.json
Not Found: /aws/config/aws-credentials.json
Not Found: /aws/config/secrets/aws-credentials.ini
Not Found: /aws/credentials
Not Found: /aws/credentials.csv
Not Found: /aws/credentials.dev.ini
Not Found: /aws/credentials.ini
Not Found: /aws/credentials.json
Not Found: /aws/credentials.prod.ini
Not Found: /aws/credentials.staging.ini
Not Found: /aws/credentials.xml
Not Found: /aws/credentials.yaml
Not Found: /aws/credentials.yml
Not Found: /aws/credentials/api-keys.json
Not Found: /aws/credentials/aws-credentials.json
Not Found: /aws/dynamodb-config.json
Not Found: /aws/ec2credentials.json
Not Found: /aws/elb-config.json
Not Found: /aws/env.config
Not Found: /aws/kinesis-config.json
Not Found: /aws/lambda-config.json
Not Found: /aws/neptune-config.json
Not Found: /aws/quickstart-config.json
Not Found: /aws/rds-config.json
Not Found: /aws/redshift-config.json
Not Found: /aws/route53-config.json
Not Found: /aws/s3-bucket-policy.json
Not Found: /aws/s3-config.json
Not Found: /aws/s3credentials.json
Not Found: /aws/secrets.json
Not Found: /aws/secrets/aws-credentials.yaml
Not Found: /aws/ses-config.json
Not Found: /aws/sns-config.json
Not Found: /aws/sqs-config.json
Not Found: /aws/vpc-config.json
Not Found: /aws_keys.ini
Not Found: /aws_keys.yml
Not Found: /awscdk.json
Not Found: /awscli.ini
Not Found: /azure/credentials.json
Not Found: /backend/.env
Not Found: /backup/sendgrid.json
Not Found: /backup/sendgrid_config
Not Found: /backup/sendgrid_keys
Not Found: /beanstalk/config.yml
Not Found: /bitbucket-pipelines.yml
Not Found: /capistrano/aws.rb
Not Found: /cdk.context.json
Not Found: /cdk.json
Not Found: /chef/data_bags/aws_keys.json
Not Found: /cloud-config.yml
Not Found: /cloudformation/config.yaml
Not Found: /cloudsearch/config.json
Not Found: /cloudtrail/audit-config.json
Not Found: /config.development.json
Not Found: /config.production.json
Not Found: /config.staging.json
Not Found: /config/.env
Not Found: /config/autoload/global.php.1
Not Found: /config/autoload/global.php.backup
Not Found: /config/autoload/global.php.bak
Not Found: /config/autoload/global.php.dist
Not Found: /config/autoload/global.php.old
Not Found: /config/autoload/global.php.save
Not Found: /config/autoload/global.php.tmp
Not Found: /config/autoload/global.php.txt
Not Found: /config/autoload/local.php.1
Not Found: /config/autoload/local.php.backup
Not Found: /config/autoload/local.php.bak
Not Found: /config/autoload/local.php.dist
Not Found: /config/autoload/local.php.old
Not Found: /config/autoload/local.php.save
Not Found: /config/autoload/local.php.tmp
Not Found: /config/autoload/local.php.txt
Not Found: /config/aws-config.json
Not Found: /config/aws-credentials.ini
Not Found: /config/aws-credentials.json
Not Found: /config/aws-credentials.yaml
Not Found: /config/aws/aws_credentials.csv
Not Found: /config/aws/credentials.env
Not Found: /config/aws/keys.json
Not Found: /config/aws/secrets.json
Not Found: /config/backup/config.php.1
Not Found: /config/backup/config.php.backup
Not Found: /config/backup/config.php.bak
Not Found: /config/backup/config.php.dist
Not Found: /config/backup/config.php.old
Not Found: /config/backup/config.php.save
Not Found: /config/backup/config.php.tmp
Not Found: /config/backup/config.php.txt
Not Found: /config/backup/database.php.1
Not Found: /config/backup/database.php.backup
Not Found: /config/backup/database.php.bak
Not Found: /config/backup/database.php.dist
Not Found: /config/backup/database.php.old
Not Found: /config/backup/database.php.save
Not Found: /config/backup/database.php.tmp
Not Found: /config/backup/database.php.txt
Not Found: /config/credentials/aws_credentials.json
Not Found: /config/database/connections.php.1
Not Found: /config/database/connections.php.backup
Not Found: /config/database/connections.php.bak
Not Found: /config/database/connections.php.dist
Not Found: /config/database/connections.php.old
Not Found: /config/database/connections.php.save
Not Found: /config/database/connections.php.tmp
Not Found: /config/database/connections.php.txt
Not Found: /config/env/local.php.backup
Not Found: /config/env/local.php.bak
Not Found: /config/env/local.php.dist
Not Found: /config/env/local.php.old
Not Found: /config/env/local.php.save
Not Found: /config/env/local.php.tmp
Not Found: /config/env/local.php.txt
Not Found: /config/env/production.php.1
Not Found: /config/env/production.php.backup
Not Found: /config/env/production.php.bak
Not Found: /config/env/production.php.dist
Not Found: /config/env/production.php.old
Not Found: /config/env/production.php.save
Not Found: /config/env/production.php.tmp
Not Found: /config/env/production.php.txt
Not Found: /config/env/sendgrid.env
Not Found: /config/env/sendgrid_keys.env
Not Found: /config/env/staging.php.1
Not Found: /config/packages/sendgrid.yaml
Not Found: /config/private/sendgrid_keys.json
Not Found: /config/secrets.yml
Not Found: /config/secrets/aws-config.json
Not Found: /config/secrets/aws-credentials.json
Not Found: /config/secrets/aws-keys.json
Not Found: /config/secrets/aws-secrets.json
Not Found: /config/secrets/credentials.json
Not Found: /config/secrets/dev/sendgrid_keys.json
Not Found: /config/secrets/keys.json
Not Found: /config/secrets/prod/sendgrid_keys.json
Not Found: /config/secure/site.php.1
Not Found: /config/secure/site.php.backup
Not Found: /config/secure/site.php.bak
Not Found: /config/secure/site.php.dist
Not Found: /config/secure/site.php.old
Not Found: /config/secure/site.php.save
Not Found: /config/secure/site.php.tmp
Not Found: /config/secure/site.php.txt
Not Found: /config/security.php.backup
Not Found: /config/security.php.bak
Not Found: /config/security.php.dist
Not Found: /config/security.php.old
Not Found: /config/security.php.save
Not Found: /config/security.php.tmp
Not Found: /config/security.php.txt
Not Found: /config/sendgrid.js
Not Found: /config/sendgrid.json
Not Found: /config/sendgrid.php
Not Found: /config/sendgrid.py
Not Found: /config/sendgrid_config.json
Not Found: /config/sendgrid_keys.json
Not Found: /config/settings/sendgrid_config.json
Not Found: /config/settings/sendgrid_keys.json
Not Found: /core-cloud-config.yml
Not Found: /core/.env
Not Found: /core/app/.env
Not Found: /core/config/production/database.php.1
Not Found: /core/config/production/database.php.backup
Not Found: /core/config/production/database.php.bak
Not Found: /core/config/production/database.php.dist
Not Found: /core/config/production/database.php.old
Not Found: /core/config/production/database.php.save
Not Found: /env.txt
Not Found: /env/example/.env
Not Found: /etc/aws-config/aws_credentials.conf
Not Found: /etc/aws-config/credentials.yml
Not Found: /etc/aws/credentials.conf
Not Found: /etc/aws/credentials.ini
Not Found: /etc/aws/credentials.yaml
Not Found: /etc/aws/secrets/aws_secrets.ini
Not Found: /exapi/.env
Not Found: /github/workflows/aws.yml
Not Found: /gradle.properties
Not Found: /grunt-aws.json
Not Found: /gulp-aws.json
Not Found: /info
Not Found: /info.php
Not Found: /instance/sendgrid_keys.py
Not Found: /jenkins/aws-credentials.xml
Not Found: /keys/sendgrid_keys.json
Not Found: /kubernetes/aws-secrets.yml
Not Found: /kubernetes/config
Not Found: /kubernetes/credentials
Not Found: /kubernetes/secrets.yml
Not Found: /laravel/.env
Not Found: /logs/.env
Not Found: /magento/app/etc/env.php
Not Found: /mailchimp.env
Not Found: /mailjet.env
Not Found: /maven/settings.xml
Not Found: /modules/contrib/sendgrid_mail/sendgrid_mail.module
Not Found: /modules/contrib/sendgrid_mail/sendgrid_mail.services.yml
Not Found: /modules/contrib/sendgrid_mail/sendgrid_mail.settings.php
Not Found: /modules/contrib/sendgrid_mail/translations/sendgrid_mail.fr.po
Not Found: /p.php
Not Found: /parameters.ini
Not Found: /parameters.json
Not Found: /parameters.xml
Not Found: /parameters.yaml
Not Found: /phpinfo
Not Found: /phpinfo.php
Not Found: /private/sendgrid.json
Not Found: /private/sendgrid_config
Not Found: /private/sendgrid_keys
Not Found: /private/sendgrid_keys.json
Not Found: /protected/config/main.php.1
Not Found: /protected/config/main.php.save
Not Found: /protected/config/main.php.tmp
Not Found: /protected/config/main.php.txt
Not Found: /psnlink/.env
Not Found: /pulumi/config.yaml
Not Found: /pulumi/secrets.json
Not Found: /s3cmd.ini
Not Found: /saas/.env
Not Found: /salt/pillar/aws.sls
Not Found: /salt/pillar/aws_keys.sls
Not Found: /sam-local.toml
Not Found: /samconfig.toml
Not Found: /secrets.dev.json
Not Found: /secrets.development.json
Not Found: /secrets.prod.json
Not Found: /secrets.production.json
Not Found: /secrets.staging.json
Not Found: /secrets.yml
Not Found: /secrets/sendgrid.json
Not Found: /secrets/sendgrid_config
Not Found: /secrets/sendgrid_keys
Not Found: /secrets/sendgrid_keys.json
Not Found: /sendgrid.env
Not Found: /sendgrid.json
Not Found: /sendgrid_email/.env
Not Found: /sendgrid_keys
Not Found: /sendgrid_keys.js
Not Found: /sendgrid_keys.json
Not Found: /sendgrid_keys.py
Not Found: /sendgrid_keys.txt
Not Found: /server/config/connection.php.txt
Not Found: /serverless.env.yml
Not Found: /settings/sendgrid_config
Not Found: /settings/sendgrid_keys
Not Found: /site/.env
Not Found: /storage/.env
Not Found: /storage/oauth-private.key
Not Found: /storage/oauth-public.key
Not Found: /storage/sendgrid.json
Not Found: /terraform.tfvars
Not Found: /terraform/backend.tfvars
Not Found: /test
Not Found: /test.php
Not Found: /travis/aws-config.travis.yml
Not Found: /uploads/.env
Not Found: /vault/config.hcl
Not Found: /vendor/.env
Not Found: /vendor/webmozart/assert/.composer-auth.json
Not Found: /wp-admin/sendgrid_keys.json
Not Found: /wp-config.php
Not Found: /wp-content/aws-config.json
Not Found: /wp-content/backup/sendgrid_keys.json
Not Found: /wp-content/plugins/plugin-name/aws-credentials.json
Not Found: /wp-content/plugins/sendgrid_keys.json
Not Found: /wp-content/sendgrid_keys.json
Not Found: /wp-content/themes/sendgrid_keys.json
Not Found: /wp-content/themes/theme-name/aws-config.php
Not Found: /wp-content/uploads/aws-s3-config.json
Not Found: /wp-content/uploads/sendgrid_keys.json
Not Found: /wp-content/uploads/wp-mail-smtp/sendgrid_keys.json
Not Found: /wp-includes/sendgrid_keys.json
Not Found: /xray/config.json
Not Found: /.git/config
Not Found: /.env
Not Found: /.env
Not Found: /.env
Not Found: /.env
Not Found: /.git/config
Not Found: /.env
Not Found: /.git/config
Not Found: /robots.txt
Not Found: /robots.txt
Not Found: /favicon.ico
Not Found: /favicon.png
Not Found: /.git/config
Not Found: /.env
Not Found: /cgi-bin/phpinfo.php
Not Found: /phpbb/phpinfo.php
Not Found: /phpinfo_php_ogr.php
Not Found: /burtphpinfo.php
Not Found: /phpinfo.php----
Not Found: /login/.env
Not Found: /old/.env
Not Found: /wp-content/.env
Not Found: /fixtures/fiber-debugger/.env
Not Found: /v1/.env
Not Found: /resources/docker/phpmyadmin/.env
Not Found: /api/src/.env
Not Found: /back/.env
Not Found: /front/src/.env
Not Found: /websocket/.env
Not Found: /saas/.env
Not Found: /acme/.env
Not Found: /roundcube/.env
Not Found: /resources/docker/rabbitmq/.env
Not Found: /examples/drupal-separate-services/.env
Not Found: /nodejs-projects/play-ground/manageuserroles/.env
Not Found: /deploy/.env
Not Found: /favicon.ico
Not Found: /xmlrpc.php
Not Found: /favicon.ico
Not Found: /favicon.ico
Not Found: /robots.txt
Not Found: /sitemap.xml
Not Found: /config.json
Not Found: /.git/config
Not Found: /favicon.ico
Not Found: /favicon.ico
Not Found: /favicon.ico
Not Found: /owa/auth/logon.aspx
Not Found: /.env
Not Found: /.env.local
Not Found: /.env_sample
Not Found: /config/.env
Not Found: /.env.save
Not Found: /.env.staging.local
Not Found: /backup/.git/config
Not Found: /config.json
Not Found: /.env.default
Not Found: /.env.uat
Not Found: /assets../.git/config
Not Found: /media../.git/config
Not Found: /.env.preprod
Not Found: /src/.git/config
Not Found: /.env.dev
Not Found: /data/.git/config
Not Found: /files/.git/config
Not Found: /.env.live
Not Found: /.env.backup
Not Found: /configuration/.env
Not Found: /media/.git/config
Not Found: /.env.production.local
Not Found: /.env.secret
Not Found: /.env.production
Not Found: /build/.env
Not Found: /.env.ci
Not Found: /.env.prod
Not Found: /config/.git/config
Not Found: /api/.git/config
Not Found: /.env.bak
Not Found: /api/.env
Not Found: /.git/config
Not Found: /public/.git/config
Not Found: /cms/.git/config
Not Found: /dev/.git/config
Not Found: /.aws/credentials
Not Found: /.env.dist
Not Found: /.env.sandbox
Not Found: /prod/.env
Not Found: /.env.dev.local
Not Found: /.env.stage
Not Found: /.env.template
Not Found: /.env.testing
Not Found: /app/.git/config
Not Found: /core/.git/config
Not Found: /project/.git/config
Not Found: /server/.git/config
Not Found: /docker-compose.prod.yml
Not Found: /.env.config
Not Found: /settings/.env
Not Found: /.env.test
Not Found: /static../.git/config
Not Found: /.env
Not Found: /.env.development.local
Not Found: /www/.git/config
Not Found: /.git/config
Not Found: /.env
Not Found: /hello.world
Not Found: /vendor/phpunit/phpunit/src/Util/PHP/eval-stdin.php
Not Found: /vendor/phpunit/phpunit/Util/PHP/eval-stdin.php
Not Found: /vendor/phpunit/src/Util/PHP/eval-stdin.php
Not Found: /vendor/phpunit/Util/PHP/eval-stdin.php
Not Found: /vendor/phpunit/phpunit/LICENSE/eval-stdin.php
Not Found: /vendor/vendor/phpunit/phpunit/src/Util/PHP/eval-stdin.php
Not Found: /phpunit/phpunit/src/Util/PHP/eval-stdin.php
Not Found: /phpunit/phpunit/Util/PHP/eval-stdin.php
Not Found: /phpunit/src/Util/PHP/eval-stdin.php
Not Found: /phpunit/Util/PHP/eval-stdin.php
Not Found: /lib/phpunit/phpunit/src/Util/PHP/eval-stdin.php
Not Found: /lib/phpunit/phpunit/Util/PHP/eval-stdin.php
Not Found: /lib/phpunit/src/Util/PHP/eval-stdin.php
Not Found: /lib/phpunit/Util/PHP/eval-stdin.php
Not Found: /lib/vendor/phpunit/phpunit/src/Util/PHP/eval-stdin.php
Not Found: /laravel/vendor/phpunit/phpunit/src/Util/PHP/eval-stdin.php
Not Found: /www/vendor/phpunit/phpunit/src/Util/PHP/eval-stdin.php
Not Found: /ws/vendor/phpunit/phpunit/src/Util/PHP/eval-stdin.php
Not Found: /yii/vendor/phpunit/phpunit/src/Util/PHP/eval-stdin.php
Not Found: /zend/vendor/phpunit/phpunit/src/Util/PHP/eval-stdin.php
Not Found: /ws/ec/vendor/phpunit/phpunit/src/Util/PHP/eval-stdin.php
Not Found: /V2/vendor/phpunit/phpunit/src/Util/PHP/eval-stdin.php
Not Found: /tests/vendor/phpunit/phpunit/src/Util/PHP/eval-stdin.php
Not Found: /test/vendor/phpunit/phpunit/src/Util/PHP/eval-stdin.php
Not Found: /testing/vendor/phpunit/phpunit/src/Util/PHP/eval-stdin.php
Not Found: /api/vendor/phpunit/phpunit/src/Util/PHP/eval-stdin.php
Not Found: /demo/vendor/phpunit/phpunit/src/Util/PHP/eval-stdin.php
Not Found: /cms/vendor/phpunit/phpunit/src/Util/PHP/eval-stdin.php
Not Found: /crm/vendor/phpunit/phpunit/src/Util/PHP/eval-stdin.php
Not Found: /backup/vendor/phpunit/phpunit/src/Util/PHP/eval-stdin.php
Not Found: /.env
Not Found: /.git/config
Not Found: /owa/auth/logon.aspx
Not Found: /js/twint_ch.js
Not Found: /favicon.ico
Not Found: //wp-includes/ID3/license.txt
Not Found: //feed/
Not Found: //xmlrpc.php
Not Found: //blog/wp-includes/wlwmanifest.xml
Not Found: //web/wp-includes/wlwmanifest.xml
Not Found: //wordpress/wp-includes/wlwmanifest.xml
Not Found: //wp/wp-includes/wlwmanifest.xml
Not Found: //2020/wp-includes/wlwmanifest.xml
Not Found: //2019/wp-includes/wlwmanifest.xml
Not Found: //2021/wp-includes/wlwmanifest.xml
Not Found: //shop/wp-includes/wlwmanifest.xml
Not Found: //wp1/wp-includes/wlwmanifest.xml
Not Found: //test/wp-includes/wlwmanifest.xml
Not Found: //site/wp-includes/wlwmanifest.xml
Not Found: //cms/wp-includes/wlwmanifest.xml
Not Found: /js/twint_ch.js
Not Found: /favicon.ico
Not Found: /favicon.ico
Invalid HTTP_HOST header: 'speed.cloudflare.com'. You may need to add 'speed.cloudflare.com' to ALLOWED_HOSTS.
Traceback (most recent call last):
  File "/root/infmax_1/myenv/lib/python3.10/site-packages/django/core/handlers/exception.py", line 55, in inner
    response = get_response(request)
  File "/root/infmax_1/myenv/lib/python3.10/site-packages/django/utils/deprecation.py", line 128, in __call__
    response = self.process_request(request)
  File "/root/infmax_1/myenv/lib/python3.10/site-packages/django/middleware/common.py", line 48, in process_request
    host = request.get_host()
  File "/root/infmax_1/myenv/lib/python3.10/site-packages/django/http/request.py", line 151, in get_host
    raise DisallowedHost(msg)
django.core.exceptions.DisallowedHost: Invalid HTTP_HOST header: 'speed.cloudflare.com'. You may need to add 'speed.cloudflare.com' to ALLOWED_HOSTS.
Bad Request: /cdn-cgi/trace/cdn-cgi/trace
Not Found: /wp-content/themes/about.php
Not Found: /wp-includes/assets/index.php
Not Found: /wp-content/mu-plugins/
Not Found: /wp-includes/widgets/about.php
Not Found: /wp-content/plugins/wp-help/index.php
Not Found: /woh.php
Not Found: /wp-admin/images/about.php
Not Found: /wp-admin/network/about.php
Not Found: /wp-admin/network/xmrlpc.php
Not Found: /vendor/
Not Found: /wp-includes/block-supports/
Not Found: /wp-admin/images/
Not Found: /log.php
Not Found: /template/
Not Found: /include/
Not Found: /link.php
Not Found: /wp-content/languages/index.php
Not Found: /cong.php
Not Found: /wp-config-sample.php
Not Found: /wp-includes/js/codemirror/
Not Found: /class_api.php
Not Found: /simple.php
Not Found: /wp-admin/network/
Not Found: /colour.php
Not Found: /wordpress/wp-includes/wp-config-sample.php
Not Found: /content.php
Not Found: /about/function.php
Not Found: /wp-includes/Requests/Response/
Not Found: /sites/default/files/
Not Found: /chosen.php
Not Found: /wp-admin/css/index.php
Not Found: /403.php
Not Found: /assets/images/doc.php
Not Found: /wp-includes/Requests/Exception/HTTP/
Not Found: /wp-includes/sitemaps/
Not Found: /post.php
Not Found: /white.php
Not Found: /wp-content/languages/a2.php
Not Found: /function.php
Not Found: /wp-admin/user/
Not Found: /wxo.php
Not Found: /inputs.php
Not Found: /doc.php
Not Found: /wp-content/mu-plugins-old/
Not Found: /Site/
Not Found: /ova.php
Not Found: /wp-admin/index.php
Not Found: /wp-admin/wp-login.php
Not Found: /images/
Not Found: /meta.php
Not Found: /buy.php
Not Found: /update.php
Not Found: /wp-content/plugins/elementor/assets/css/sf2vh3/index.php
Not Found: /wp-admin/css/wp-login.php
Not Found: /license.php
Not Found: /wp-includes/block-supports/index.php
Not Found: /wp-includes/images/wlw/
Not Found: /wp-admin/css/colors/ectoplasm/
Not Found: /wp-admin/maint/
Not Found: /wp_wol.php
Not Found: /wp-links.php
Not Found: /Public/
Not Found: /root.php
Not Found: /makeasmtp.php
Not Found: /packed.php
Not Found: /wp-includes/customize/about.php
Not Found: /.well-known/pki-validation/wp.-.admin.php
Not Found: /alfanew.php7
Not Found: /wp-includes/css/dist/format-library/lock.php
Not Found: /wp-includes/assets/themes.php
Not Found: /wp-includes/SimplePie/about.php
Not Found: /sck.php
Not Found: /wp-content/upgrade-temp-backup/wp-login.php
Not Found: /wp-admin/wp-conflg.php
Not Found: /xmlrpc.php
Not Found: /wp-admin.php
Not Found: /x/index.php
Not Found: /about.PHP
Not Found: /wp-includes/ID3/go.php
Not Found: /wp-content/themes/classic/inc/
Not Found: /wp-includes/random_compat/
Not Found: /wp-admin/install.php
Not Found: /wp-admin/wp-admin.php
Not Found: /wp-content/themes/
Not Found: /yindu.php
Not Found: /wp-admin/user/chosen.php
Not Found: /alfa-rex1.php
Not Found: /locale.php
Not Found: /block-bindings.php
Not Found: /wp-admin/images/dropdown.php
Not Found: /wp-includes/js/index.php
Not Found: /wp-includes/ID3/
Not Found: /wp-includes/Requests/Auth/
Not Found: /wp-content/plugins/
Not Found: /wp-includes/index.php
Not Found: /wp-includes/Text/wp-login.php
Not Found: /wp-conflg.php
Not Found: /wp-includes/blocks/
Not Found: /wp-includes/assets/
Not Found: /wp-includes/Requests/Utility/
Not Found: /wp-content/plugins/seoo/wsoyanz.php
Not Found: /.well-known/acme-challenge/
Not Found: /assets/images/
Not Found: /wp-includes/sitemaps/providers/
Not Found: /flower.php
Not Found: /functions.php
Not Found: /wp-contentt.php
Not Found: /wp-content/plugins/erinyani/asasx.php
Not Found: /wp-admin/about.php
Not Found: /wp-includes/block-patterns/
Not Found: /modules/mod_simplefileuploadv1.3/elements/
Not Found: /aa.php
Not Found: /wp-content/plugins/wp-help/admin/wp-fclass.php
Not Found: /webadmin.php
Not Found: /wp-includes/images/about.php
Not Found: /wp-includes/ID3/about.php
Not Found: /ALFA_DATA/
Not Found: /wp-includes/images/smilies/
Not Found: /text.php
Not Found: /hehe.php
Not Found: /cookie.php
Not Found: /menu.php
Not Found: /cloud.php
Not Found: /configs.php
Not Found: /wp-includes/IXR/
Not Found: /vendor/phpunit/phpunit/src/Util/PHP/
Not Found: /wp-admin/meta/
Not Found: /manager.php
Not Found: /wp-includes/fonts/wp-login.php
Not Found: /wp-cdi.php
Not Found: /index/about.php
Not Found: /wp-content/plugins/nbs7drg5/fooster1337.php
Not Found: /wp-includes/fonts/
Not Found: /.well-known/pki-validation/fm.php
Not Found: /wp-content/upgrade/shell.php
Not Found: /wsoyanz.php
Not Found: /index/function.php
Not Found: /goods.php
Not Found: /edit.php
Not Found: /wp-content/pm.php
Not Found: /.well-known/radio.php
Not Found: /wp-content/plugins/erinyani/past.php
Not Found: /wp-includes/Requests/Proxy/
Not Found: /config.php7
Not Found: /plugins/function.php
Not Found: /c.php
Not Found: /wp-includes/Requests/Cookie/
Not Found: /wp-content/plugins/WordPressCore/index.php
Not Found: /ini.php
Not Found: /components/
Not Found: /wp-index.php
Not Found: /readme.php
Not Found: /wp-includes/Text/Diff/
Not Found: /wp-admin/js/index.php
Not Found: /.well-known/pki-validation/parx.php
Not Found: /system/
Not Found: /wso112233.php
Not Found: /moon.php
Not Found: /feeds.php
Not Found: /radio.php
Not Found: /epinyins.php
Not Found: /wp-admin/includes/xmrlpc.php
Not Found: /plugins/
Not Found: /wp-includes/js/
Not Found: /disagreed.php
Not Found: /wso.php
Not Found: /sxo.php
Not Found: /local/
Not Found: /db.php
Not Found: /.well-known/pki-validation/wp-login.php
Not Found: /aaa.php
Not Found: /wp-admin/includes/about.php
Not Found: /wp-content/plugins/pwnd/2.php
Not Found: /wp-includes/theme-compat/
Not Found: /wp-includes/fonts/index.php
Not Found: /wp-admin/js/widgets/xmrlpc.php
Not Found: /wp-content/about.php
Not Found: /wp-content/uploads/index.php
Not Found: /wp-content/plugins/ninja-forms/
Not Found: /wp-includes/images/
Not Found: /wp-includes/SimplePie/Content/
Not Found: /wp-includes/SimplePie/index.php
Not Found: /.well-known/
Not Found: /about.php
Not Found: /gecko-new.php
Not Found: /colors.php
Not Found: /wp-admin/x.php
Not Found: /wp-content/themes/admin.php
Not Found: /wp-theme.php
Not Found: /past.php
Not Found: /upload/image/
Not Found: /wp-includes/rest-api/
Not Found: /1.php
Not Found: /wp-includes/images/crystal/
Not Found: /Assets/
Not Found: /wp-content/plugins/seoplugins/wso112233.php
Not Found: //wp-2019.php
Not Found: /config.php
Not Found: /wp-includes/ID3/autoload_classmap.php
Not Found: /wp-includes/blocks/about.php
Not Found: /wp-content/plugins/phpad/acp.php
Not Found: /shop/
Not Found: /cron.php
Not Found: /xmlrpc.php0
Not Found: /wp-content/upgrade/about.php
Not Found: /wp-includes/customize/
Not Found: /wp-content/upgrade/
Not Found: /wp-content/gallery/about.php
Not Found: /.well-known/pki-validation/about.php
Not Found: /wp.php
Not Found: /wp-login.php
Not Found: /wp-includes/rest-api/endpoints/
Not Found: /wp-includes/defaults.php
Not Found: /alfa-rex.php7
Not Found: /customize.php
Not Found: /.well-known/makeasmtp.php
Not Found: /wp-includes/images/wp-login.php
Not Found: /wp-includes/images/smilies/index.php
Not Found: /wp-includes/Text/
Not Found: /cgi-bin/
Not Found: /autoload_classmap.php
Not Found: /wp-content/plugins/about.php
Not Found: //wp-content/themes/about.php
Not Found: /install.php
Not Found: /fai.php
Not Found: /wp-admin/includes/index.php
Not Found: /wp-admin/images/admin.php
Not Found: /mah.php
Not Found: /uploads/
Not Found: /wp-includes/html-api/
Not Found: /wp-admin/css/
Not Found: /uy26sfm6.php
Not Found: /wp-includes/sitemaps/providers/doc.php
Not Found: /wp-admin/images/wp-login.php
Not Found: /wp-admin/includes/admin.php
Not Found: /wp-admin/log.php
Not Found: /.well-knownold/
Not Found: /files/
Not Found: /wp-includes/sodium_compat/src/
Not Found: /defaults.php
Not Found: /theme.php
Not Found: /input.php
Not Found: /wp-includes/buy.php
Not Found: /wp-includes/block-supports/doc.php
Not Found: /assets/
Not Found: /wp-includes/Text/Diff/Engine/Engine/
Not Found: /room.php
Not Found: /bak.php
Not Found: /css/index.php
Not Found: /wp-includes/Text/Diff/Engine/about.php
Not Found: /wp-admin/images/xmrlpc.php
Not Found: /as.php
Not Found: /go.php
Not Found: /Admin/uploads/
Not Found: /wp-content/
Not Found: /wp-admin/chosen.php
Not Found: /zwso.php
Not Found: /wp-admin/images/index.php
Not Found: /modules/
Not Found: /wp-includes/SimplePie/Cache/
Not Found: /wp-content/themes/twentynineteen/fonts/dir/about.php
Not Found: /classwithtostring.php
Not Found: /NewFile.php
Not Found: /wp-includes/SimplePie/
Not Found: /wp-includes/Requests/Transport/
Not Found: /plugin.php
Not Found: /wp-includes/php-compat/
Not Found: /wp-includes/widgets/
Not Found: /file.php
Not Found: /spip.php
Not Found: /wp-info.php
Not Found: /wp-includes/
Not Found: /php/
Not Found: /wp-includes/Text/Diff/Engine/
Not Found: /bi.php
Not Found: /wp-includes/css/about.php
Not Found: /wp-admin/includes/wp-conflg.php
Not Found: /test.php
Not Found: /wp-includes/css/
Not Found: /wp-includes/certificates/
Not Found: /fm1.php
Not Found: /wp-includes/ID3/index.php
Not Found: /wp-content/languages/themes/wp-login.php
Not Found: /wp-content/uploads/wp-login.php
Not Found: /dropdown.php
Not Found: /2.php
Not Found: /alfa-rex.php
Not Found: /files.php
Not Found: /info.php
Not Found: /wp-content/shell20211028.php
Not Found: /wp-includes/rest-api/about.php
Not Found: /wp-content/uploads/
Not Found: /images/stories/
Not Found: /index.php
Not Found: /wp-happy.php
Not Found: /wp-content/file.php
Not Found: /wikindex.php
Not Found: /user.php
Not Found: /ws.php
Not Found: /shell.php
Not Found: /cgi-bin/cgi-bin/index.php
Not Found: /wp-includes/wp-class.php
Not Found: /classsmtps.php
Not Found: /wp-admin/user/wp-login.php
Not Found: /404.php
Not Found: /admin.php
Not Found: /wp-configs.php
Not Found: /wp-admin/network/admin.php
Not Found: /wp-admin/css/colors/
Not Found: /wp-express.php
Not Found: /wp-includes/js/crop/
Not Found: /wp-includes/PHPMailer/
Not Found: /wp-config.php
Not Found: /xleet.php
Not Found: /85022df0ed31.php
Not Found: /wp-includes/random_compat/chosen.php
Not Found: /wp-admin/includes/
Not Found: /randkeyword.php
Not Found: /wp-admin/network/index.php
Not Found: /wp-trackback.php
Not Found: /wp-includes/Requests/about.php
Not Found: /wp-includes/images/media/
Not Found: /wp-includes/pomo/
Not Found: /wp-includes/style-engine/
Not Found: /22.php
Not Found: /updates.php
Not Found: /wp-admin/css/colors/blue/index.php
Not Found: /system.php
Not Found: /alfa.php
Not Found: /themes.php
Not Found: /wp-content/uploads/admin.php
Not Found: /wp-content/index.php
Not Found: /wp-includes/SimplePie/Content/Type/
Not Found: /wp-includes/sodium_compat/
Not Found: /wp-admin/
Not Found: /wp-includes/Requests/
Not Found: /cgi-bin/index.php
Not Found: /default.php
Not Found: /wp-includes/IXR/index.php
Not Found: /k.php
Not Found: /wp-content/themes/news-portal/error.php
Not Found: /doc/function.php
Not Found: /wp-includes/Text/Diff/Renderer/
Not Found: /wp-includes/rest-api/fields/
Not Found: /wp-2019.php
Not Found: /wp-includes/Requests/Exception/
Not Found: /wp-includes/block-supports/about.php
Not Found: /wp-includes/sitemaps/about.php
Not Found: /.env.stage
Not Found: /static../.git/config
Not Found: /favicon.ico
Not Found: /actuator/gateway/routes
Not Found: /.env
Not Found: /webui/
Not Found: /favicon.ico
Not Found: /.git/index
Not Found: /geoserver/web/
Not Found: /.git/config
Not Found: /actuator/health
Not Found: /.env
Not Found: /.git/config
Not Found: /partymgr/control/main
Not Found: /favicon.ico
Not Found: /sitecore/shell/sitecore.version.xml
Not Found: /cgi-bin/authLogin.cgi
Not Found: /css/images/PTZOptics_powerby.png
Not Found: /cgi-bin/config.exp
Not Found: /index.jsp
Not Found: /sugar_version.json
Not Found: /console
Not Found: /ext-js/app/common/zld_product_spec.js
Not Found: /OA_HTML/AppsLocalLogin.jsp
Not Found: /login.do
Not Found: /showLogin.cc
Not Found: /owncloud/status.php
Not Found: /status.php
Not Found: /solr/
Not Found: /favicon-32x32.png
Not Found: /static/historypage.js
Not Found: /cf_scripts/scripts/ajax/ckeditor/ckeditor.js
Not Found: /WebInterface/
Not Found: /owa/
Not Found: /identity
Not Found: /js/NewWindow_2_all.js
Not Found: /aspera/faspex/
Not Found: /license.txt
Not Found: /wp-json
Not Found: /favicon.ico
Not Found: /webfig/
Not Found: /Telerik.Web.UI.WebResource.axd
Not Found: /internal_forms_authentication
Not Found: /zabbix/favicon.ico
Not Found: /api/session/properties
Not Found: /favicon.ico
Not Found: /.env
Not Found: /epa/scripts/win/nsepa_setup.exe
Not Found: /.git/config
Not Found: /favicon.ico
Not Found: /favicon.ico
Not Found: /ab2g
Not Found: /ab2h
Not Found: /alive.php
Not Found: /t4
Not Found: /favicon.ico
Not Found: /teorema505
Not Found: /.env
Forbidden (CSRF cookie not set.): /
Not Found: /.git/index
Not Found: /.git/config
Not Found: /.env
Not Found: /cgi-bin/luci/;stok=/locale
Not Found: /.git/config
Forbidden (CSRF cookie not set.): /
Not Found: /wp-content/uploads/
Not Found: /wp-includes/
Not Found: /wp-includes/css/
Not Found: /wp-includes/ID3/
Not Found: /wp-includes/IXR/
Not Found: /wp-includes/Requests/
Not Found: /wp-includes/SimplePie/
Not Found: /wp-includes/Text/
Not Found: /wp-content/mu-plugins-old/
Not Found: /wp-content/themes/classic/inc/
Not Found: /wp-content/plugins/ninja-forms/
Not Found: /wp-content/mu-plugins/
Not Found: /wp-includes/Text/Diff/Renderer/
Not Found: /wp-includes/blocks/
Not Found: /wp-includes/certificates/
Not Found: /wp-includes/customize/
Not Found: /wp-includes/fonts/
Not Found: /wp-includes/images/
Not Found: /.well-known/
Not Found: /ALFA_DATA/
Not Found: /.well-knownold/
Not Found: /.well-known/acme-challenge/
Not Found: /.well-known/
Not Found: /cgi-bin/
Not Found: /ALFA_DATA/
Not Found: /.well-knownold/
Not Found: /.well-known/acme-challenge/
Not Found: /.well-known/
Not Found: /uploads/
Not Found: /upload/
Not Found: /Admin/uploads/
Not Found: /images/
Not Found: /assets/
Not Found: /vendor/phpunit/phpunit/src/Util/PHP/
Not Found: /upload/image/
Not Found: /assets/images/
Not Found: /Public/
Not Found: /vendor/
Not Found: /local/
Not Found: /modules/
Not Found: /Site/
Not Found: /system/
Not Found: /template/
Not Found: /shop/
Not Found: /files/
Not Found: /include/
Not Found: /Assets/
Not Found: /images/stories/
Not Found: /plugins/
Not Found: /php/
Not Found: /wp-includes/assets/
Not Found: /wp-includes/Text/Diff/Engine/
Not Found: /wp-includes/block-patterns/
Not Found: /wp-includes/Text/Diff/
Not Found: /wp-includes/block-supports/
Not Found: /wp-includes/blocks/
Not Found: /wp-includes/certificates/
Not Found: /wp-includes/SimplePie/Cache/
Not Found: /wp-includes/SimplePie/Content/Type/
Not Found: /wp-includes/css/
Not Found: /wp-includes/SimplePie/Content/
Not Found: /wp-includes/rest-api/endpoints/
Not Found: /wp-includes/rest-api/fields/
Not Found: /wp-includes/Requests/Cookie/
Not Found: /wp-includes/Requests/Proxy/
Not Found: /wp-includes/Requests/Response/
Not Found: /wp-includes/Requests/Transport/
Not Found: /wp-includes/Requests/Utility/
Not Found: /wp-includes/js/codemirror/
Not Found: /wp-includes/Requests/Exception/HTTP/
Not Found: /wp-includes/js/crop/
Not Found: /wp-includes/images/crystal/
Not Found: /wp-includes/images/media/
Not Found: /wp-includes/images/smilies/
Not Found: /wp-includes/images/wlw/
Not Found: /wp-includes/rest-api/search/
Not Found: /wp-includes/Requests/Exception/
Not Found: /wp-includes/Requests/Auth/
Not Found: /wp-includes/sodium_compat/src/
Not Found: /wp-includes/sitemaps/providers/
Not Found: /wp-includes/Text/Diff/Engine/Engine/
Not Found: /wp-includes/customize/
Not Found: /wp-includes/fonts/
Not Found: /wp-includes/html-api/
Not Found: /wp-includes/ID3/
Not Found: /wp-includes/images/
Not Found: /wp-includes/IXR/
Not Found: /wp-includes/js/
Not Found: /wp-includes/php-compat/
Not Found: /wp-includes/PHPMailer/
Not Found: /wp-includes/pomo/
Not Found: /wp-includes/random_compat/
Not Found: /wp-includes/Requests/
Not Found: /wp-includes/rest-api/
Not Found: /wp-includes/SimplePie/
Not Found: /wp-includes/sitemaps/
Not Found: /wp-includes/sodium_compat/
Not Found: /wp-includes/style-engine/
Not Found: /wp-includes/Text/
Not Found: /wp-includes/theme-compat/
Not Found: /wp-includes/widgets/
Not Found: /wp-admin/css/colors/ectoplasm/
Not Found: /wp-admin/css/colors/
Not Found: /sites/default/files/
Not Found: /modules/mod_simplefileuploadv1.3/elements/
Not Found: /components/
Not Found: /wp-includes/js/
Not Found: /wp-includes/pomo/
Not Found: /wp-includes/rest-api/
Not Found: /wp-includes/widgets/
Not Found: /wp-admin/css/
Not Found: /wp-admin/images/
Not Found: /wp-admin/maint/
Not Found: /wp-admin/meta/
Not Found: /wp-admin/network/
Not Found: /wp-admin/user/
Not Found: /wp-content/
Not Found: /wp-content/plugins/
Not Found: /wp-content/themes/
Not Found: /wp-admin/includes/
Not Found: /wp-admin/
Not Found: /wp-content/upgrade/
Not Found: /.git/HEAD
Not Found: /.env
Forbidden (CSRF cookie not set.): /
Not Found: /.git/config
Not Found: /favicon.ico
Not Found: /hello.world
Not Found: /vendor/phpunit/phpunit/src/Util/PHP/eval-stdin.php
Not Found: /vendor/phpunit/phpunit/Util/PHP/eval-stdin.php
Not Found: /vendor/phpunit/src/Util/PHP/eval-stdin.php
Not Found: /vendor/phpunit/Util/PHP/eval-stdin.php
Not Found: /vendor/phpunit/phpunit/LICENSE/eval-stdin.php
Not Found: /vendor/vendor/phpunit/phpunit/src/Util/PHP/eval-stdin.php
Not Found: /phpunit/phpunit/src/Util/PHP/eval-stdin.php
Not Found: /phpunit/phpunit/Util/PHP/eval-stdin.php
Not Found: /phpunit/src/Util/PHP/eval-stdin.php
Not Found: /phpunit/Util/PHP/eval-stdin.php
Not Found: /lib/phpunit/phpunit/src/Util/PHP/eval-stdin.php
Not Found: /lib/phpunit/phpunit/Util/PHP/eval-stdin.php
Not Found: /lib/phpunit/src/Util/PHP/eval-stdin.php
Not Found: /lib/phpunit/Util/PHP/eval-stdin.php
Not Found: /lib/vendor/phpunit/phpunit/src/Util/PHP/eval-stdin.php
Not Found: /laravel/vendor/phpunit/phpunit/src/Util/PHP/eval-stdin.php
Not Found: /www/vendor/phpunit/phpunit/src/Util/PHP/eval-stdin.php
Not Found: /ws/vendor/phpunit/phpunit/src/Util/PHP/eval-stdin.php
Not Found: /yii/vendor/phpunit/phpunit/src/Util/PHP/eval-stdin.php
Not Found: /zend/vendor/phpunit/phpunit/src/Util/PHP/eval-stdin.php
Not Found: /ws/ec/vendor/phpunit/phpunit/src/Util/PHP/eval-stdin.php
Not Found: /V2/vendor/phpunit/phpunit/src/Util/PHP/eval-stdin.php
Not Found: /tests/vendor/phpunit/phpunit/src/Util/PHP/eval-stdin.php
Not Found: /test/vendor/phpunit/phpunit/src/Util/PHP/eval-stdin.php
Not Found: /testing/vendor/phpunit/phpunit/src/Util/PHP/eval-stdin.php
Not Found: /api/vendor/phpunit/phpunit/src/Util/PHP/eval-stdin.php
Not Found: /demo/vendor/phpunit/phpunit/src/Util/PHP/eval-stdin.php
Not Found: /cms/vendor/phpunit/phpunit/src/Util/PHP/eval-stdin.php
Not Found: /crm/vendor/phpunit/phpunit/src/Util/PHP/eval-stdin.php
Not Found: /backup/vendor/phpunit/phpunit/src/Util/PHP/eval-stdin.php
Not Found: /blog/vendor/phpunit/phpunit/src/Util/PHP/eval-stdin.php
Not Found: /workspace/drupal/vendor/phpunit/phpunit/src/Util/PHP/eval-stdin.php
Not Found: /panel/vendor/phpunit/phpunit/src/Util/PHP/eval-stdin.php
Not Found: /public/vendor/phpunit/phpunit/src/Util/PHP/eval-stdin.php
Not Found: /apps/vendor/phpunit/phpunit/src/Util/PHP/eval-stdin.php
Not Found: /app/vendor/phpunit/phpunit/src/Util/PHP/eval-stdin.php
Not Found: /index.php
Not Found: /public/index.php
Not Found: /index.php
Not Found: /index.php
Not Found: /containers/json
Not Found: /_profiler/phpinfo
Not Found: /.env
Not Found: /favicon.ico
Not Found: /favicon.ico
Not Found: /.env
Not Found: /.git/HEAD
Not Found: /favicon.ico
Not Found: /autodiscover/autodiscover.json
Not Found: /.env
Not Found: /cgi-bin/luci/;stok=/locale
Not Found: /favicon.ico
Not Found: /favicon.ico
Not Found: /.git/config
Not Found: /.env
Not Found: /.env
Not Found: /owa/auth/x.js
Not Found: /autoload_classmap.php
Not Found: /post.php
Not Found: /uploads/files/merchants/NadeemHajouj/20190321194634/
Not Found: /wordpress/wp-content/uploads/wpr-addons/forms/
Not Found: /wp-content/plugins/fix/
Not Found: /wp-content/plugins/ioptimization/
Not Found: /wp-content/plugins/urawmub/
Not Found: /wp-includes/js/tinymce/plugins/directionality/
Not Found: /wp-content/languages/themes/
Not Found: /wp-content/themes/kzdx3sro/
Not Found: /assets/vendor/codemirror/mode/ecl/
Not Found: /wp-admin/ALFA_DATA/alfacgiapi/
Not Found: /wp-includes/PHPMailer/
Not Found: /ALFA_DATA/
Not Found: /wp/wp-content/themes/w695elkq/
Not Found: /wp-includes/blocks/columns/
Not Found: /wp-includes/Requests/about.php/
Not Found: /wp-content/plugins/wpshowdown/css/
Not Found: /assets/vendor/bootstrap/css/
Not Found: /wp-content/uploads/js_composer/
Not Found: /wp-content/banners/
Not Found: /wp-includes/sodium_compat/namespaced/Core/Curve25519/Ge/
Not Found: /post.php/wp-includes/Requests/
Not Found: /wp-content/plugins/kjcjjxq/
Not Found: /wp-content/plugins/wpforms-lite/src/Migrations/
Not Found: /wp-content/plugins/seoo/
Not Found: /wp/wp-content/themes/pridmag/
Not Found: /wp-content/themes/themes/
Not Found: /wp-includes.bak/html-api/
Not Found: /wp-content/plugins/dapeasyinstaller/
Not Found: /bitrix/js/seo/ads/client_selector/lang/ru/
Not Found: /wp-includes/js/tinymce/skins/lightgray/fonts/
Not Found: /sindex.php","wp-includes/css/
Not Found: /wordpress/wp-content/plugins/erfd/
Not Found: /wp-includes/Requests/about.php/
Not Found: /wp-content/themes/phocsqfz/
Not Found: /wp-includes/js/tinymce/plugins/wptextpattern/
Not Found: /wp-admin/network/
Not Found: /acme-challenge/
Not Found: /wp-content/themes/jhie8k08/
Not Found: /plugins/broken-link-checker/core/utils/
Not Found: /wp-content/plugins2/loco-translate/tpl/debug/
Not Found: /wp-content/themes/travel/
Not Found: /wp-content/plugins/gvxnffc/
Not Found: /sites/default/files/
Not Found: /wp-includes/sodium_compat/src/
Not Found: /wp-admin/maint/
Not Found: /wp-includes/js/thickbox/
Not Found: /wp-content/plugins/gaehzbs/
Not Found: /wp-content/plugins/pahidtd/
Not Found: /wp-content/themes/wp-pridmag/
Not Found: /wp-includes/SimplePie/HdGGN/
Not Found: /assets/fonts/
Not Found: /wp-admin/css/colors/sunrise/
Not Found: /wp-content/themes/h47vbpo2/
Not Found: /wp-includes/Text/Diff/
Not Found: /wp-includes/js/tinymce/plugins/charmap/
Not Found: /wp-includes/images/crystal/
Not Found: /wp-admin/ccx/
Not Found: /wp-content/plugins/xt/
Not Found: /.well-known/pki-validation/configKZU/Jump/0-woodhous/Ven-C/Ven-US/0-upstartd/
Not Found: /wp-content/themes/7nd9yzxp/
Not Found: /wp-includes/Text/Diff/Renderer/
Not Found: /wp-content/themes/alera/
Not Found: /wp/wp-content/themes/f6pe9wcj/
Not Found: /ALFA_DATA/alfacgiapi/
Not Found: /wp-includes/SimplePie/Cache/
Not Found: /wp-includes/css/dist/edit-site/
Not Found: /wp-content/themes/twentytwentytwo/inc/patterns/
Not Found: /wp-content/themes/twentyseventeen/page/
Not Found: /assets/images/video/
Not Found: /bitrix/wizards/bitrix/demo/images/services/
Not Found: /wp-includes/images/wlw/
Not Found: /wp-includes/Requests/Cookie/
Not Found: /wp-content/themes/sky-pro/
Not Found: /wp/wp-admin/includes/
Not Found: /wp-includes/konten/
Not Found: /wp-includes/l10n/
Not Found: /wp-content/plugins/placester/views/partials/
Not Found: /wp-content/plugins/xichang/
Not Found: /wp-content/plugins/vmgbzgi/
Not Found: /wp-content/themes/fag0z08y/
Not Found: /wp-includes/block-bindings/
Not Found: /wp-admin/js/wp-admin/js/
Not Found: /themes/zMousse/
Not Found: /wp-includes/random_compat/
Not Found: /plugins/background-image-cropper/
Not Found: /wp-content/themes/gaukingo/
Not Found: /site/wp-content/plugins/hmdqckh/
Not Found: /wp-content/plugins/lsxvhpg/
Not Found: /wp-content/plugins/fgcpghg/
Not Found: /wp-content/plugins/html404/
Not Found: /wp-includes/Requests/Transport/
Not Found: /wp-content/plugins/lwgvais/
Not Found: /wp-content/plugins/cp-pro/
Not Found: /wp-content/upgrade/
Not Found: /wp-includes/rest-api/search/
Not Found: /wp-admin/css/colors/ectoplasm/
Not Found: /wp-content/plugins/
Not Found: /.well-known/acme-challenge/
Not Found: /wp-content/plugins/erinyani/
Not Found: /yanz.php/wp-admin/user/
Not Found: /wp-admin/css/about.php/alfacgiapi/
Not Found: /wp-content/upgrade-temp-backup/
Not Found: /lai/robotica/wp-content/themes/seotheme/
Not Found: /wp-content/plugins/import-users-from-csv-with-meta/
Not Found: /wordpress/wp-content/plugins/vbcxdsf/
Not Found: /wp-content/plugins/ifnwdyu/
Not Found: /modules/mod_webshell/
Not Found: /wp-content/uploads/2024/
Not Found: /wp-content/plugins/qdcitph/
Not Found: /wp-content/plugins/oekqtzj/
Not Found: /wp-includes/Requests/src/Auth/
Not Found: /wp-includes/css/dist/preferences/
Not Found: /wp-admin/js/
Not Found: /assets/images/
Not Found: /wp-content/themes/fswefy0o/
Not Found: /reportes/wp-content/themes/e6rffsr5/
Not Found: /wp-admin/css/colors/
Not Found: /wp-includes/widgets/
Not Found: /wp-includes/block-patterns/
Not Found: /images/IMG_contenidos/
Not Found: /wp-content/themes/onum-child/custom-templates/dir/
Not Found: /wp-includes/sodium_compat/
Not Found: /wp-includes/css/dist/list-reusable-blocks/
Not Found: /pki-validation/
Not Found: /wp-includes/block-supports/
Not Found: /templates/
Not Found: /wp-content/plugins/idjnpjx/
Not Found: /wp-includes/sodium_compat/src/Core32/Poly1305/
Not Found: /wp-content/plugins/linkpreview/
Not Found: /wp-content/plugins/kgibejh/
Not Found: /wp-content/plugins/wp-content/uploads/wp_live_chat/
Not Found: /wp-content/uploads/
Not Found: /wp-content/themes/bltm/
Not Found: /wp-includes/ID3/51Sge/
Not Found: /wp-content/themes/twentytwentytwo/parts/
Not Found: /upload/2021_02_08/
Not Found: /wp-content/themes/9geiaoo5/
Not Found: /wp-includes/SimplePie/HTTP/
Not Found: /wp-content/plugins/core/
Not Found: /wp-includes/SimplePie/Decode/HTML/
Not Found: /wp-content/plugins/revslider/includes/external/page/
Not Found: /wp-content/uploads/BbUMY/
Not Found: /rest-api/
Not Found: /wp-content/themes/twentytwentytwo/
Not Found: /wp-content/uploads/2019/
Not Found: /wp-content/fonts/
Not Found: /wp-includes/blocks/calendar/
Not Found: /templates/beez3/
Not Found: /wp-content/plugins/ljqhmhj/
Not Found: /wp-content/plugins/vwcleanerplugin/
Not Found: /include/
Not Found: /wp-includes/rest-api/fields/
Not Found: /wp-includes/js/crop/
Not Found: /wp-content/plugins/carousel-slider/assets/
Not Found: /wp-content/plugins/contact-form-7/includes/js/jquery-ui/themes/smoothness/
Not Found: /wp-content/plugins/wp-db-ajax-made/wp-ajax.php/
Not Found: /wp-admin/css/
Not Found: /wp-content/uploads/2018/03/
Not Found: /wp-admin/
Not Found: /wp-includes/interactivity-api/
Not Found: /vendor/phpunit/phpunit/src/Util/PHP/
Not Found: /wp-content/themes/newstoday/
Not Found: /wp-content/plugins/qvkwtfvfez/
Not Found: /wp-content/plugins/apikey/
Not Found: /wp-content/plugins/gvkfsao/
Not Found: /wp-includes/blocks/quote/
Not Found: /.well-known/pki-validation/
Not Found: /wp-content/plugins/zxmunes/
Not Found: /wp-content/themes/twentytwentyfour/
Not Found: /wp-content/plugins/wp-hps/sh/
Not Found: /wp-includes/languages/wp/
Not Found: /wp-content/uploads/2023/03/
Not Found: /wp-includes/js/tinymce/skins/lightgray/img/
Not Found: /wordpress/wordpress/wp-content/plugins/sdxxcfgt/
Not Found: /wp-includes/Requests/library/
Not Found: /wp-content/uploads/wpr-addons/forms/
Not Found: /wp-content/updraft/
Not Found: /wp-content/uploads/2016/03/
Not Found: /wp-content/plugins/qgcvqxr/
Not Found: /wp-content/plugins/custom/
Not Found: /wp-content/themes/twentynineteen/inc/
Not Found: /wp-includes/theme-compat/
Not Found: /images/icons/rouyg/hppd/
Not Found: /wp-content/themes/sketch/
Not Found: /wp-content/plugins/wedsfd/
Not Found: /wp-includes/blocks/table/int/tmpl/
Not Found: /wp-content/plugins/elementor/includes/settings/
Not Found: /wp-content/plugins/dclxurc/
Not Found: /wp-content/plugins/zlzwssi/
Not Found: /Text/Diff/
Not Found: /wordpress/wp-includes/IXR/
Not Found: /wp-content/plugins/backup-backup/includes/
Not Found: /upload/info/
Not Found: /wp-content/plugins/ddasyoc/
Not Found: /wp-admin/css/colors/light/
Not Found: /wp-content/themes/astra/inc/builder/type/header/button/
Not Found: /wp-content/themes/seotheme/
Not Found: /wp-includes/js/tinymce/langs/
Not Found: /gins/wp-help/
Not Found: /.github/
Not Found: /wp-content/plugins/TOPXOH/
Not Found: /wp-content/plugins/iadjojm/
Not Found: /wp-content/plugins/qwfdsop/
Not Found: /wp-includes/blocks/list/
Not Found: /wp-includes/ID3/
Not Found: /images/images/
Not Found: /wp-includes/
Not Found: /js/tinymce/plugins/compat3x/css/
Not Found: /wp-content/uploads/2022/07/
Not Found: /wp-content/uploads/2014/
Not Found: /wp-content/plugins/seox/
Not Found: /wp-content/plugins/ImageManager/
Not Found: /wp-includes/SimplePie/Content/Type/
Not Found: /wp-content/plugins/wp-db-ajax-made/
Not Found: /wp/wp-includes/
Not Found: /wp-admin/images/
Not Found: /certificates/
Not Found: /wp-includes/js/tinymce/plugins/image/
Not Found: /wp-includes/css/dist/
Not Found: /makeasmtp.php/wp-includes/Requests/
Not Found: /wordpress/wp-content/plugins/dwssffw/
Not Found: /wp-content/plugins/fancybox-for-wordpress/fancybox/termark/
Not Found: /wp-includes/sodium_compat/src/Core/Curve25519/Ge/
Not Found: /wp-includes/sitemaps/
Not Found: /wp-includes/js/tinymce/plugins/fullscreen/
Not Found: /assets/components/tinymce/
Not Found: /plugins/three-column-screen-layout/
Not Found: /wordpress/wp-admin/includes/
Not Found: /wp-content/plugins/efhkgws/
Not Found: /wp-includes/gCdfg/
Not Found: /.tmb/
Not Found: /site/
Not Found: /maint/
Not Found: /wp-content/plugins/html404/
Not Found: /wp-admin/maint/maint/
Not Found: /wp-includes/SimplePie/Content/
Not Found: /wp-includes/pomo/
Not Found: /wp-includes/rest-api/ZVQCc/
Not Found: /wp-admin/css/colors/ocean/
Not Found: /wso.php/wp-includes/images/
Not Found: /plugins/
Not Found: /wp-content/plugins/erfdsxx/
Not Found: /wp-content/themes/hideo/
Not Found: /css/colors/ocean/
Not Found: /wp-includes/js/tinymce/plugins/compat3x/css/
Not Found: /wp-includes/js/tinymce/themes/advanced/skins/default/
Not Found: /wp-content/plugins/core-plugin/
Not Found: /wp-includes/rest-api/endpoints/
Not Found: /assets/external_mysql/
Not Found: /images/smilies/
Not Found: /wp-content/plugins/classic-editor/
Not Found: /wp-content/plugins/wcrkfqy/
Not Found: /alfacgiapi/
Not Found: /wp-content/plugins/insert-headers-and-footers/languages/
Not Found: /wp-content/plugins/trfree/
Not Found: /test.php/
Not Found: /images/partner/partner/images/imgs/
Not Found: /components/com_jea/views/form/
Not Found: /wp-content/plugins/kfhfxvy/
Not Found: /sleepster/
Not Found: /wp-includes/SimplePie/Parse/
Not Found: /wordpress/wp-content/plugins/sdxxcfgt/
Not Found: /wp-includes/blocks/term-description/
Not Found: /backup/
Not Found: /libraries/legacy/
Not Found: /images/resumes/
Not Found: /cgi-sys/
Not Found: /wp-content/plugins/sdxxcfgt/
Not Found: /wp-admin/user/
Not Found: /wp-includes/style-engine/about.php/
Not Found: /.well-known/.well-known/
Not Found: /wp-content/plugins/uiaqgqm/
Not Found: /wp-content/plugins/Cache/
Not Found: /wp-content/plugins/erinyani/yani/
Not Found: /wp-content/plugins/jvtsrel/
Not Found: /wp-includes/js/tinymce/
Not Found: /wp-includes/Requests/Text/
Not Found: /css/dist/block-directory/
Not Found: /wp-includes/js/plupload/
Not Found: /wp-includes/wp-includes/
Not Found: /wp-content/plugins/erin/
Not Found: /wp/wp-content/plugins/ioptimi/
Not Found: /1.php
Not Found: /flower.php
Not Found: /22.php
Not Found: /xleet.php
Not Found: /wp-content/gallery/
Not Found: /wp-includes/js/jquery/
Not Found: /wp-content/plugins/gvkyvhp/
Not Found: /pomo/
Not Found: /wp-includes/fonts/
Not Found: /wp-content/uploads/2023/
Not Found: /wp-content/themes/tflow/
Not Found: /wp-content/plugins/yozaepx/
Not Found: /wp-includes/php-compat/wp/
Not Found: /wp-content/uploads/2023/10/
Not Found: /wp-content/plugins/simple/
Not Found: /images/resource/
Not Found: /wp-content/plugins/qufeaoy/
Not Found: /modules/mod_simplefileuploadv1.3/elements/
Not Found: /update/
Not Found: /wp-content/plugins/aezvzos/
Not Found: /wp-content/plugins/wp-help/
Not Found: /wp-content/plugins/plugins/
Not Found: /tinyfilemanager/
Not Found: /wp-content/plugins/pwnd-1/
Not Found: /wp-content/plugins/wordfence/js/
Not Found: /wp-content/plugins/sid/
Not Found: /wp-includes/Requests/Utility/
Not Found: /wp-includes/SimplePie/
Not Found: /wp-content/plugins/ccx/
Not Found: /files/audio/
Not Found: /wp-admin/includes/
Not Found: /wp-content/themes/
Not Found: /modules/mod_ariimageslidersa/
Not Found: /uploads/blog/
Not Found: /wp-content/plugins/press/
Not Found: /wp-includes/css/dist/components/
Not Found: /wp-content/plugins/ojyiyys/
Not Found: /wp-includes/blocks/post-author/
Not Found: /wp-includes/Requests/Exception/
Not Found: /wp-admin/css/colors/midnight/
Not Found: /wp-includes/js/dist/
Not Found: /about.php
Not Found: /wp-content/plugins/vjeqbbj/
Not Found: /wp-content/themes/twentyfive/
Not Found: /wp-content/plugins/zupqfup/
Not Found: /wp-content/
Not Found: /wp-content/plugins/google-seo-rank/
Not Found: /wp-includes/js/
Not Found: /doc.php/
Not Found: /wp-content/plugins/dzs-zoomsounds/
Not Found: /wp-includes/Cez57/
Not Found: /wp-includes/sodium_compat/src/Core32/Curve25519/Ge/
Not Found: /wp-content/plugins/xjpbewk/
Not Found: /wp-content/plugins/contact-form-7-to-database-extension/
Not Found: /wp-content/themes/twentytwentythree/patterns/
Not Found: /wp-content/themes/9rafadt6/
Not Found: /wp-content/themes/Divi/includes/builder/frontend-builder/assets/vendors/plugins/fullscreen/
Not Found: /wp-content/plugins/sem-wysiwyg/fckeditor/editor/plugins/ImageManager/
Not Found: /wp-includes/images/smilies/
Not Found: /wp-includes/Requests/Response/
Not Found: /wp-includes/js/tinymce/utils/
Not Found: /about.php
Not Found: /wp-content/plugins/gzzmasp/
Not Found: /wp-content/plugins/seooyanz/
Not Found: /wp-content/plugins/smelzou/
Not Found: /wp-content/uploads/2014/03/
Not Found: /assets/cms/plugins/ckfinder/_samples/php/
Not Found: /wp-content/themes/twenty/
Not Found: /wp-content/blogs.dir/
Not Found: /wp-content/plugins/ioxi/
Not Found: /wp-content/themes/ccx/
Not Found: /wp-includes/js/tinymce/plugins/wpeditimage/
Not Found: /wp-content/plugins/pwnd/
Not Found: /css/dmtixucz/golden-access/
Not Found: /wp-includes/css/dist/block-library/
Not Found: /wp-content/plugins/gdrxuof/
Not Found: /wp-includes/certificates/
Not Found: /wp-content/themes/pridmag/
Not Found: /wp-content/plugins/seoplugins/
Not Found: /wp-content/plugins/elementor/modules/landing-pages/documents/
Not Found: /images/headers/
Not Found: /products/
Not Found: /wp-includes/js/tinymce/wp-includes/js/tinymce/
Not Found: /wp-content/mu-plugins/
Not Found: /files/
Not Found: /wp-includes/SimplePie/
Not Found: /wp-includes/sodium_compat/namespaced/
Not Found: /wp-content/plugins/elementor/
Not Found: /wp-includes/js/tinymce/plugins/wpview/
Not Found: /wp-content/uploads/2014/06/
Not Found: /.well-known/
Not Found: /wp-content/plugins/thrive-visual-editor/inc/backbone/controls/lead-generation/
Not Found: /.well-known/pki-validation/wp-admin/
Not Found: /wp-content/plugins/dazmhjz/
Not Found: /wp-content/themes/f25zgwig/
Not Found: /wp-content/plugins/vslnxrk/
Not Found: /wp-content/plugins/envato-market/inc/
Not Found: /wp-content/themes/
Not Found: /vendor/bin/loader.php/wp-admin/
Not Found: /wp-content/uploads/2023/08/
Not Found: /wp-includes/Text/Diff/Engine/
Not Found: /estudiante16/
Not Found: /wp-content/plugins/fjfmham/
Not Found: /wp-content/themes/twentytwenty/
Not Found: /wp-includes/Text/
Not Found: /upload/files/
Not Found: /wp-content/plugins/sfdfryt/
Not Found: /wp-content/plugins/oyaeyim/
Not Found: /wp/wp-content/plugins/w695elkq/
Not Found: /wp-includes/js/jquery/ui/3k0sm2/
Not Found: /wp-includes/js/jcrop/
Not Found: /wp/wp-admin/includes/wp-admin/
Not Found: /wp-content/themes/astra/inc/metabox/extend-metabox/css/minified/
Not Found: /files/journals/1/articles/2002/
Not Found: /wp-content/plugins/erin/yani/
Not Found: /wp-includes/customize/
Not Found: /wp-content/themes/tk9zgum9/
Not Found: /wp-includes/SimplePie/about.php/
Not Found: /wp-content/plugins/ioxi/ioxi/
Not Found: /wp-content/plugins/lgexwbe/
Not Found: /wp-content/plugins/ttsgmsw/
Not Found: /wp-includes/blocks/heading/
Not Found: /wp-content/plugins/nsplvxi/
Not Found: /backup/wp-content/themes/twentytwenty/
Not Found: /wp-includes/css/
Not Found: /docs/
Not Found: /wp-includes/js/e3B6W/
Not Found: /wp-content/plugins/6i85g10k/
Not Found: /app/wp-content/plugins/fix/
Not Found: /wp-content/plugins/awesome-coming-soon/
Not Found: /wp-content/plugins/gmxwbau/
Not Found: /wp-content/plugins/pxgpozm/
Not Found: /wp-content/plugins/simple/
Not Found: /wp-content/plugins/upme/ajax/
Not Found: /wp-content/plugins/zgtzwun/
Not Found: /wp-includes/css/dist/widgets/
Not Found: /wp-includes/IXR/
Not Found: /wp-content/plugins/td-cloud-library/includes/dir/
Not Found: /wp-content/plugins/nekztbn/
Not Found: /test/maxitest_v3/wp-content/themes/seotheme/
Not Found: /wp-content/plugins/eblovwl/
Not Found: /wp-content/plugins/instabuilder2/cache/plugins/
Not Found: /wp-includes/css/dist/edit-widgets/
Not Found: /plugins/custom/
Not Found: /wordpress/wp-content/uploads/
Not Found: /wp-content/uploads/2016/02/
Not Found: /wp-includes/sodium_compat/src/Core/Curve25519/Ge/
Not Found: /wp-content/plugins/upspy/
Not Found: /wp-includes/html-api/
Not Found: /wp-content/themes/travelscape/
Not Found: /wp-content/uploads/revslider/templates/creativefrontpage/
Not Found: /wp-includes/js/tinymce/skins/wordpress/images/
Not Found: /css/colors/coffee/
Not Found: /wp-content/plugins/rneciwj/
Not Found: /wp-content/plugins/dfgs/
Not Found: /wp-includes/blocks/more/
Not Found: /wp-content/plugins/imfrxbc/
Not Found: /js/tinymce/skins/lightgray/fonts/
Not Found: /wp-content/plugins/css-ready-sel/
Not Found: /sim.php/wp-includes/certificates/
Not Found: /wp-includes/assets/
Not Found: /wp-content/plugins/myhbidf/
Not Found: /wp-includes/js/tinymce/themes/inlite/
Not Found: /wp-content/plugins/fcexjsk/
Not Found: /libraries/vendor/
Not Found: /images/sold/big/
Not Found: /wp-content/x/
Not Found: /wp-includes/js/tinymce/skins/lightgray/
Not Found: /wp-content/plugins/mqdlgzp/
Not Found: /wp-content/plugins/pxkxbea/
Not Found: /wp-includes/js/codemirror/
Not Found: /wp-includes/blocks/latest-comments/
Not Found: /wp-includes/blocks/comments/
Not Found: /wp-includes/blocks/comment-template/
Not Found: /includes/
Not Found: /wp-content/plugins/whusrhk/
Not Found: /libraries/phpmailer/
Not Found: /wp-includes/css/dist/editor/
Not Found: /wp-includes/blocks/loginout/
Not Found: /wp-includes/js/imgareaselect/
Not Found: /wp-includes/blocks/site-logo/
Not Found: /wp-includes/wp-class.php/wp-content/themes/travelscape/
Not Found: /wp/wp-admin/
Not Found: /wp-includes/sodium_compat/namespaced/Core/Poly1305/
Not Found: /wp-content/plugins/Core-Econ/
Not Found: /wp-content/themes/astra/inc/
Not Found: /maintenance/
Not Found: /wp-content/plugins/ygdfcil/
Not Found: /wp-includes/js/dist/vendor/
Not Found: /wp-includes/Requests/
Not Found: /wp-includes/blocks/shortcode/
Not Found: /wp-content/plugins/df2xx/
Not Found: /wp-includes/blocks/block/
Not Found: /wp-content/themes/wp-classic/inc/
Not Found: /wp-content/plugins/css-ready/
Not Found: /wp-includes_old/Requests/Cookie/
Not Found: /wp-includes/php-compat/
Not Found: /wp-content/plugins/xxdddxxx/
Not Found: /wp-content/plugins/read/
Not Found: /alf.php/
Not Found: /wp-admin/js/widgets/
Not Found: /wp-content/themes/digital-download/
Not Found: /wp-includes/blocks/social-links/
Not Found: /wp-content/user/
Not Found: /portal/wp-content/plugins/jyhpemo/
Not Found: /s/Text/
Not Found: /wp-includes/Requests/Exception/HTTP/
Not Found: /classwithtostring.php/rbzccnnp.php/
Not Found: /assets/img/prosjekter/
Not Found: /wp-content/plugins/cifkpgk/
Not Found: /wp-content/plugins/wp-mail-smtp/src/
Not Found: /wp-content/plugins/dmozhzr/
Not Found: /wp-content/plugins/wp-mw-form/classes/form-fields/
Not Found: /wp-content/plugins/npqzdpk/
Not Found: /wp-content/plugins/upboxtn/
Not Found: /wp-content/plugins/three-column-screen-layout/
Not Found: /wp-content/plugins/content-management/
Not Found: /brundyn/wp-content/themes/pridmag/
Not Found: /wp-content/plugins/yyobang/
Not Found: /wordpress/wp-content/themes/as/
Not Found: /wp-content/plugins/wp-theme-editor/
Not Found: /wp-content/uploads/2021/03/
Not Found: /wp-content/plugins/akbifoe/
Not Found: /wp-content/plugins/background-image-cropper/
Not Found: /wp-content/themes/oc7y6yjs/
Not Found: /wordpress/wp-includes/
Not Found: /wp-content/plugins/vheezid/
Not Found: /wordpress/wp-content/plugins/pkghsb/
Not Found: /wp-includes/customize/Dj1Gk/
Not Found: /wp-content/plugins/blwrume/
Not Found: /cache/
Not Found: /uploads/213626/
Not Found: /wp-mail.php/
Not Found: /wp-includes/images/media/
Not Found: /wp-includes/style-engine/
Not Found: /wp-content/plugins/yfsmxkj/
Not Found: /wp-admin/css/colors/coffee/
Not Found: /wp-content/
Not Found: /wp-content/languages/
Not Found: /assets/
Not Found: /wp-includes/blocks/freeform/
Not Found: /wp-content/about.php/wp-content/plugins/wp-content/uploads/wp_live_chat/
Not Found: /wp-includes/random_compat/bala.php/wp-content/uploads/wp_live_chat/
Not Found: /wp-content/uploads/2023/11/
Not Found: /wp-content/plugins/not/includes/
Not Found: /assets/css/
Not Found: /plugins/seoo/
Not Found: /wp-content/plugins/WordPressCore/
Not Found: /wp-content/uploads/2021/12/img/
Not Found: /wp-includes/Requests/Auth/
Not Found: /css/dist/
Not Found: /wp-includes/language/
Not Found: /en/
Not Found: /wp-includes/images/
Not Found: /wp-content/uploads/2023/05/
Not Found: /cgi-bin/cgi-bin/
Not Found: /fonts/
Not Found: /project/plugins/bootstrap-rtl/css/
Not Found: /wp-links.php/wp-content/plugins/wp-content/uploads/wp_live_chat/
Not Found: /wp-admin/css/colors/blue/
Not Found: /wp-content/plugins/nloisib/
Not Found: /assets/libs/filemanager/
Not Found: /wp-includes/rest-api/
Not Found: /wp-includes/blocks/pattern/
Not Found: /images/
Not Found: /storage/
Not Found: /ccx/
Not Found: /wp-includes/Text/
Not Found: /wp-content/plugins/darkfree/
Not Found: /wp-content/plugins/9rafadt6/
Not Found: /wp-content/themes/aahana/
Not Found: /wp-includes/js/tinymce/plugins/compat3x/
Not Found: /wp-content/plugins/dummyyummy/
Not Found: /wp-content/themes/krs2kdwa/
Not Found: /wp-content/plugins/masterx/
Not Found: /wp-includes/js/tinymce/themes/
Not Found: /wp-includes/sitemaps/providers/
Not Found: /puiching2023/wp-content/plugins/fix/
Not Found: /wp-includes/wp-class.php/wp-content/uploads/wp_live_chat/
Not Found: /wp-content/plugins/reobjjs/
Not Found: /wp-content/plugins/vbcxdsf/
Not Found: /wp-content/plugins/widget-logic/
Not Found: /wp-includes/blocks/html/
Not Found: /wp-includes/customize/about.php/wp-content/plugins/wp-content/uploads/wp_live_chat/
Not Found: /wp-content/ccx/
Not Found: /.git/refs/
Not Found: /favicon.ico
Not Found: /credentials/.git/config
Not Found: /.config/.git/config
Not Found: /git/.git/config
Not Found: /config/.git/config
Not Found: /debug/.git/config
Not Found: /.git/config
Not Found: /developer/.git/config
Not Found: /cpanel/.git/config
Not Found: /doc/.git/config
Not Found: /env/.git/config
Not Found: /framework/.git/config
Not Found: /gateway/.git/config
Not Found: /.git/HEAD
Not Found: /dev/.git/config
Not Found: /flock/.git/config
Not Found: /docs/.git/config
Not Found: /deploy/.git/config
Not Found: /.git/hooks/post-update
Not Found: /.git/FETCH_HEAD
Not Found: /errors/.git/config
Not Found: /dump/.git/config
Not Found: /demo/.git/config
Not Found: /frontend/.git/config
Not Found: /core/.git/config
Not Found: /blog/wp-content/themes/.git/config
Not Found: /bootstrap/.git/config
Not Found: /cms/.git/config
Not Found: /beta/.git/config
Not Found: /bin/.git/config
Not Found: /certs/.git/config
Not Found: /auth/.git/config
Not Found: /cdn/.git/config
Not Found: /cfg/.git/config
Not Found: /blog/.git/config
Not Found: /backend/.git/config
Not Found: /.cache/.git/config
Not Found: /backup/.git/config
Not Found: /classified/.git/config
Not Found: /configs/.git/config
Not Found: /confs/.git/config
Not Found: /conf/.git/config
Not Found: /common/.git/config
Not Found: /crm/.git/config
Not Found: /build/.git/config
Not Found: /csrf/.git/config
Not Found: /db/.git/config
Not Found: /.git/hooks/pre-commit
Not Found: /data/.git/config
Not Found: /gitlab/.git/config
Not Found: /crossdomain/.git/config
Not Found: /database/.git/config
Not Found: /cache/.git/config
Not Found: /.git/index
Not Found: /.git/refs/remotes/origin/HEAD
Not Found: /.env
Not Found: /favicon.ico
Not Found: /cgi-bin/luci/;stok=/locale
Not Found: /.env
Forbidden (CSRF cookie not set.): /
Forbidden (CSRF cookie not set.): /
Not Found: /WuEL
Not Found: /a
Not Found: /download/file.ext
Not Found: /SiteLoader
Not Found: /mPlayer
